id,tool_id,approved_date,table,is_approved,is_requester_received,is_returned,returned_quantity
1519,00089064-1303-49d7-a281-ade9354a28d3,2025-09-05 08:04:27,inventories,1,1,1,
1517,1da29360-558f-4b92-8578-053d2c9d4a8a,2025-08-28 07:48:26,inventories,1,0,0,
1516,c3437989-20c9-4f60-ae2f-4aea96225689,2025-08-08 09:22:52,inventories,1,0,0,
1514,5277ac68-f98a-4aab-823b-d1647a645393,2025-08-08 07:20:45,inventories,1,0,0,
1513,d18c5348-4614-4c99-9948-dc240d9b4ce1,2025-08-08 05:49:49,inventories,1,0,0,
1512,390b1ec8-6481-47fb-affd-b7093e9634b1,2025-08-08 05:50:03,inventories,1,0,0,
1511,f60ccf18-4b18-480f-b589-776e2aefa1e0,2025-08-07 12:32:33,inventories,1,0,0,
1510,8485ac05-4d85-421f-a80e-67d07a87bbf8,2025-08-07 12:02:53,inventories,1,0,0,
1509,8485ac05-4d85-421f-a80e-67d07a87bbf8,2025-08-07 05:09:17,inventories,1,0,0,
1508,5d9f347b-2986-4773-bc6c-52395e896bc0,2025-08-06 13:37:56,inventories,1,1,0,
1507,f7a61c3e-4a8d-47e8-b398-8e39cece00f7,2025-08-06 13:39:52,inventories,1,0,0,
1505,3700b366-984d-4758-9eb1-ffc175484a4a,2025-08-06 13:45:41,inventories,1,0,0,
1504,246415b2-ca3e-43e2-85d9-b013ee5f78d5,2025-08-06 10:39:33,inventories,1,0,0,
1503,467689bb-6e2d-4bfc-bf3f-33f49239306f,2025-08-05 07:18:21,inventories,1,0,0,
1502,01903322-8ce9-433f-b7a9-324482bba9ef,2025-08-04 13:07:34,inventories,1,0,0,
1501,b6bf5cec-191f-45d4-b77e-f86a0002e03f,2025-08-04 07:19:55,inventories,1,0,0,
1500,b6bf5cec-191f-45d4-b77e-f86a0002e03f,2025-08-04 07:20:07,inventories,1,1,0,
1499,b6bf5cec-191f-45d4-b77e-f86a0002e03f,2025-08-04 07:20:24,inventories,1,0,0,
1498,467689bb-6e2d-4bfc-bf3f-33f49239306f,2025-08-04 07:20:35,inventories,1,1,0,
1497,4fada355-cf98-422b-bbbf-0526537a1ae3,2025-08-04 07:25:33,inventories,1,0,0,
1496,bbec4dad-f2fc-4d9d-90b2-3f3f94538749,2025-07-31 08:14:51,inventories,1,0,0,
1495,35446524-b1d3-471c-8945-a2b020e212e7,2025-08-04 07:20:48,inventories,1,0,0,
1494,5013397d-735a-441c-93ae-d4e1bc6e0081,2025-07-30 13:29:13,inventories,1,0,0,
1493,119a6fb4-878d-477a-9b20-525f33cc0644,2025-07-30 13:29:22,inventories,1,0,0,
1492,104f8cc4-ac6a-40bf-9535-132f8ebecd94,2025-08-04 07:21:35,inventories,1,0,0,
1491,b6bf5cec-191f-45d4-b77e-f86a0002e03f,2025-08-04 07:21:58,inventories,1,0,0,
1490,e0a477ce-66f9-46cf-bc2d-2d5a6f420f7c,2025-08-04 07:22:13,inventories,1,0,0,
1489,026f2603-edc6-4499-927d-c8869b90e2c4,2025-08-04 07:23:11,inventories,1,0,0,
1488,35446524-b1d3-471c-8945-a2b020e212e7,2025-08-04 07:22:57,inventories,1,0,0,
1487,4fada355-cf98-422b-bbbf-0526537a1ae3,2025-08-04 07:22:44,inventories,1,0,0,
1486,4586b311-5efe-4c45-92cf-092b00d2d415,2025-08-04 07:22:27,inventories,1,0,0,
1485,62c946e9-d39b-4d45-b07c-7261226cf174,2025-07-29 08:18:24,inventories,1,0,0,
1484,390b1ec8-6481-47fb-affd-b7093e9634b1,2025-07-29 06:44:10,inventories,1,0,0,
1483,12cd63a5-f6aa-4d6d-9445-9bdda5cd4e89,2025-07-28 13:28:31,inventories,1,0,0,
1482,027c84a0-b916-416d-8eb7-0575370132f3,2025-07-28 13:28:47,inventories,1,0,0,
1481,698c3d05-7809-41a6-950a-face2b655365,2025-07-28 12:56:54,inventories,1,0,0,
1480,5a3004c6-37a8-4154-9b41-7ee0444dae39,2025-07-28 12:57:07,inventories,1,0,0,
1479,0ac5088b-bbc1-4b77-a99b-08740a63eb8b,2025-07-28 12:57:31,inventories,1,0,0,
1478,000d13b3-90b8-4995-bc81-fdca1461f37d,2025-07-28 07:35:54,inventories,1,1,0,
1477,470b2f8d-be80-40e2-9834-a9304c7b412e,2025-07-28 07:15:12,inventories,1,1,0,
1476,fceead7d-1125-4108-bfef-ab6229becabf,2025-07-28 12:58:11,inventories,1,0,0,
1475,e0a477ce-66f9-46cf-bc2d-2d5a6f420f7c,2025-07-28 12:59:08,inventories,1,0,0,
1474,4fada355-cf98-422b-bbbf-0526537a1ae3,2025-07-28 12:58:46,inventories,1,0,0,
1473,1a84b651-6361-44f3-8c8a-c3f4d16c1b49,2025-07-25 07:28:30,inventories,1,1,0,
1472,62c946e9-d39b-4d45-b07c-7261226cf174,2025-07-25 07:28:39,inventories,1,1,0,
1471,4fada355-cf98-422b-bbbf-0526537a1ae3,2025-07-25 05:01:11,inventories,1,0,0,
1469,246415b2-ca3e-43e2-85d9-b013ee5f78d5,2025-07-28 13:02:14,inventories,1,0,0,
1468,246415b2-ca3e-43e2-85d9-b013ee5f78d5,2025-07-25 07:39:34,inventories,1,0,0,
1466,e0a477ce-66f9-46cf-bc2d-2d5a6f420f7c,2025-07-25 07:39:12,inventories,1,0,0,
1465,7ab7df5e-00ea-4ee3-a056-bedebbbfb75e,2025-07-24 13:43:15,inventories,1,1,0,
1464,ad57ac92-c5b9-4136-8876-1b4fbdcca292,2025-07-24 13:43:03,inventories,1,1,0,
1463,8e330d78-7728-4a74-bab8-a5f8d086edf5,2025-07-25 07:28:53,inventories,1,0,0,
1462,027c84a0-b916-416d-8eb7-0575370132f3,2025-07-24 09:18:47,inventories,1,0,0,
1461,00ee98de-9ac0-4dfe-a896-fc46b1af63b9,2025-07-25 07:39:50,inventories,1,0,0,
1460,010b74cd-0d58-4635-88bf-617948edebf2,2025-07-25 07:40:07,inventories,1,0,0,
1459,03e9db75-b046-411c-96c2-d3e3a8ec84f2,2025-07-28 12:51:26,inventories,1,0,0,
1458,0017821f-df51-4b1f-95d3-47d5b324bafd,2025-07-28 12:51:48,inventories,1,0,0,
1457,037209a3-ba6f-4079-ae77-a37e65292f38,2025-07-25 07:42:43,inventories,1,0,0,
1456,4fada355-cf98-422b-bbbf-0526537a1ae3,2025-07-23 10:22:40,inventories,1,0,0,
1455,12cd63a5-f6aa-4d6d-9445-9bdda5cd4e89,2025-07-23 10:13:30,inventories,1,0,0,
1454,e0a477ce-66f9-46cf-bc2d-2d5a6f420f7c,2025-07-23 05:50:04,inventories,1,0,0,
1453,4fada355-cf98-422b-bbbf-0526537a1ae3,2025-07-23 05:50:12,inventories,1,0,0,
1451,12cd63a5-f6aa-4d6d-9445-9bdda5cd4e89,2025-07-21 11:54:01,inventories,1,0,0,
1449,4fada355-cf98-422b-bbbf-0526537a1ae3,2025-07-18 07:03:54,inventories,1,0,0,
1448,00089064-1303-49d7-a281-ade9354a28d3,2025-07-21 11:54:25,inventories,1,0,0,
1447,f78ac567-e7b2-448f-b86a-8559ba69e2ba,2025-07-16 12:15:09,inventories,1,0,0,
1446,1577efc9-9617-4009-9e10-13e673f6cfa8,2025-07-16 12:15:24,inventories,1,0,0,
1445,b9f46b80-2d90-4c0a-8f21-c73b86a8c5a0,2025-07-16 12:15:46,inventories,1,0,0,
1444,09fab61c-6d19-49d5-aefa-64d530d088ca,2025-07-16 12:15:56,inventories,1,0,0,
1443,509f22d5-3a4b-4946-9e1b-a21a2312eb73,2025-07-16 12:16:47,inventories,1,0,0,
1442,ea7b08c1-28f9-4fca-b65b-d5cf90ad4ec0,2025-07-16 12:16:59,inventories,1,0,0,
1441,ea7b08c1-28f9-4fca-b65b-d5cf90ad4ec0,2025-07-16 12:17:20,inventories,1,0,0,
1440,ea7b08c1-28f9-4fca-b65b-d5cf90ad4ec0,2025-07-16 12:18:54,inventories,1,0,0,
1439,a0dd6e1f-dd1d-42c7-8ff2-77bf66cce019,2025-07-16 07:53:11,inventories,1,1,0,
1438,3eb56ee9-b19e-437a-8074-68f890330129,2025-07-15 12:13:09,inventories,1,1,0,
1437,390b1ec8-6481-47fb-affd-b7093e9634b1,2025-07-15 10:52:20,inventories,1,0,0,
1436,4fada355-cf98-422b-bbbf-0526537a1ae3,2025-07-15 10:52:35,inventories,1,0,0,
1435,56ef7d4f-e564-46f7-bc47-a7ad3925a855,2025-07-15 10:52:47,inventories,1,1,0,
1433,390b1ec8-6481-47fb-affd-b7093e9634b1,2025-07-15 10:54:13,inventories,1,0,0,
1432,b6bf5cec-191f-45d4-b77e-f86a0002e03f,2025-07-15 10:54:24,inventories,1,0,0,
1431,467689bb-6e2d-4bfc-bf3f-33f49239306f,2025-07-15 10:54:37,inventories,1,1,0,
1430,74308b4b-1c25-4882-8945-1c4bd66b1cb5,2025-07-15 12:23:17,inventories,1,0,0,
1429,0ac5088b-bbc1-4b77-a99b-08740a63eb8b,2025-07-16 13:06:33,inventories,1,0,0,
1426,0138dadd-ecfe-4fa1-97a5-bb18f498c7d7,2025-07-16 13:04:38,inventories,1,0,0,
1425,95789799-560d-4e9b-969d-0e7b29032b78,2025-07-15 13:22:20,inventories,1,0,0,
1424,8d61a3f1-a6c9-4e48-b2ff-a175db9f2595,2025-07-16 13:04:05,inventories,1,0,0,
1423,fceead7d-1125-4108-bfef-ab6229becabf,2025-07-16 13:04:21,inventories,1,0,0,
1421,fa6e6677-208b-4eae-b1ef-7ae9fd2de8f4,2025-07-03 07:11:55,inventories,1,0,0,
1420,94e5346b-b0a9-414c-b59f-4ff8b4db6801,2025-07-03 13:22:59,inventories,1,0,0,
1419,4fada355-cf98-422b-bbbf-0526537a1ae3,2025-07-03 13:23:10,inventories,1,0,0,
1418,35446524-b1d3-471c-8945-a2b020e212e7,2025-07-03 13:23:21,inventories,1,0,0,
1416,4fada355-cf98-422b-bbbf-0526537a1ae3,2025-06-30 12:08:33,inventories,1,0,0,
1415,4fada355-cf98-422b-bbbf-0526537a1ae3,2025-07-03 08:31:18,inventories,1,1,0,
1414,467689bb-6e2d-4bfc-bf3f-33f49239306f,2025-07-03 13:23:30,inventories,1,0,0,
1413,467689bb-6e2d-4bfc-bf3f-33f49239306f,2025-06-18 09:40:32,inventories,1,0,0,
1412,62c946e9-d39b-4d45-b07c-7261226cf174,2025-06-17 11:53:35,inventories,1,1,0,
1411,0138dadd-ecfe-4fa1-97a5-bb18f498c7d7,2025-07-03 13:23:43,inventories,1,0,0,
1410,94e5346b-b0a9-414c-b59f-4ff8b4db6801,2025-07-03 13:24:14,inventories,1,0,0,
1409,470b2f8d-be80-40e2-9834-a9304c7b412e,2025-07-03 13:24:25,inventories,1,1,0,
1408,25fd8501-99ec-4500-bf7e-c048e7e1ad39,2025-06-17 09:04:50,inventories,1,1,0,
1406,25fd8501-99ec-4500-bf7e-c048e7e1ad39,2025-07-15 12:23:33,inventories,1,0,0,
1405,e30c6471-b2b3-4dc1-8f9b-872cd89ff2f6,2025-06-17 12:51:10,inventories,1,0,0,
1404,ad233c87-8565-4494-9bed-0694f1d97106,2025-06-17 12:51:23,inventories,1,0,0,
1403,b6bf5cec-191f-45d4-b77e-f86a0002e03f,2025-06-16 14:18:28,inventories,1,0,0,
1399,5c5311ad-ff55-4dd6-bf0f-17de724b54e1,2025-06-13 13:26:27,inventories,1,1,0,
1398,14115dea-8bd6-4c1a-9f31-c9da0736a9b4,2025-06-12 13:54:40,inventories,1,0,0,
1395,470b2f8d-be80-40e2-9834-a9304c7b412e,2025-06-11 12:18:00,inventories,1,0,0,
1394,470b2f8d-be80-40e2-9834-a9304c7b412e,2025-06-11 11:37:26,inventories,1,1,0,
1389,1a84b651-6361-44f3-8c8a-c3f4d16c1b49,2025-06-06 06:23:28,inventories,1,0,0,
1386,467689bb-6e2d-4bfc-bf3f-33f49239306f,2025-06-17 06:54:32,inventories,1,0,0,
1384,390b1ec8-6481-47fb-affd-b7093e9634b1,2025-06-05 05:04:13,inventories,1,1,0,
1383,4fada355-cf98-422b-bbbf-0526537a1ae3,2025-06-05 05:04:28,inventories,1,1,0,
1382,390b1ec8-6481-47fb-affd-b7093e9634b1,2025-06-04 13:49:18,inventories,1,0,0,
1381,467689bb-6e2d-4bfc-bf3f-33f49239306f,2025-06-04 09:02:52,inventories,1,0,0,
1380,5d876a79-acc6-4069-b3d9-04aed71aa83d,2025-06-02 08:04:44,inventories,1,0,0,
1379,d20086fd-f4ea-4702-9fde-43c89f0e9c37,2025-05-29 11:21:30,inventories,1,0,0,
1378,390b1ec8-6481-47fb-affd-b7093e9634b1,2025-05-28 13:37:44,inventories,1,0,0,
1377,14115dea-8bd6-4c1a-9f31-c9da0736a9b4,2025-05-28 06:47:07,inventories,1,0,0,
1376,4fada355-cf98-422b-bbbf-0526537a1ae3,2025-05-27 09:45:14,inventories,1,0,0,
1375,390b1ec8-6481-47fb-affd-b7093e9634b1,2025-05-27 06:17:47,inventories,1,0,0,
1374,467689bb-6e2d-4bfc-bf3f-33f49239306f,2025-05-23 08:14:34,inventories,1,1,0,
1373,2ac6ec4c-b2a7-40a9-be3d-71a016e00ed9,2025-05-22 14:01:58,inventories,1,1,1,
1372,4586b311-5efe-4c45-92cf-092b00d2d415,2025-06-04 09:03:11,inventories,1,0,0,
1371,00c0a4ee-bfbd-4705-a5a6-01bc0067dc0a,2025-05-20 14:07:31,inventories,1,0,0,
1370,8c31b40c-972b-4b6f-a6d9-3597a5139ab4,2025-05-20 11:01:39,inventories,1,0,0,
1369,4304188c-3479-4ffd-9864-f5b6ee15fde8,2025-05-20 07:46:36,inventories,1,1,1,
1368,89cb996f-2b65-4076-a252-7202fcde5adc,2025-05-20 07:46:43,inventories,1,1,1,
1367,94e5346b-b0a9-414c-b59f-4ff8b4db6801,2025-05-20 07:24:15,inventories,1,1,0,
1366,4fada355-cf98-422b-bbbf-0526537a1ae3,2025-05-20 07:24:38,inventories,1,1,0,
1365,4586b311-5efe-4c45-92cf-092b00d2d415,2025-05-20 07:24:51,inventories,1,1,0,
1364,d18c5348-4614-4c99-9948-dc240d9b4ce1,2025-05-16 06:38:09,inventories,1,1,0,
1363,56ef7d4f-e564-46f7-bc47-a7ad3925a855,2025-05-16 06:38:42,inventories,1,1,0,
1361,4fada355-cf98-422b-bbbf-0526537a1ae3,2025-05-16 06:39:11,inventories,1,0,0,
1360,4fada355-cf98-422b-bbbf-0526537a1ae3,2025-05-16 06:40:01,inventories,1,0,0,
1358,b6cb4fb1-9f25-4eac-93d4-3d66a26b5ba0,2025-07-16 12:20:57,inventories,1,0,0,
1357,417d6561-6ac0-4b13-97b2-f5acb9d9505a,2025-05-16 06:41:40,inventories,1,0,0,
1356,9e988309-6a2f-4c68-8831-7245bb96dc52,2025-05-16 06:42:05,inventories,1,0,0,
1350,35446524-b1d3-471c-8945-a2b020e212e7,2025-05-14 11:17:23,inventories,1,0,0,
1348,4fada355-cf98-422b-bbbf-0526537a1ae3,2025-05-14 11:17:38,inventories,1,0,0,
1347,390b1ec8-6481-47fb-affd-b7093e9634b1,2025-05-13 12:11:52,inventories,1,1,0,
1346,4fada355-cf98-422b-bbbf-0526537a1ae3,2025-05-13 12:11:58,inventories,1,1,0,
1343,4586b311-5efe-4c45-92cf-092b00d2d415,2025-05-13 12:12:10,inventories,1,0,0,
1342,2551f931-0bbc-4850-bbab-d6ec7f174d2d,2025-05-12 06:15:33,inventories,1,0,0,
1340,51895fde-9495-445f-ad7d-f0695b45ff32,2025-05-12 05:08:57,inventories,1,0,0,
1337,b6bf5cec-191f-45d4-b77e-f86a0002e03f,2025-05-02 12:50:59,inventories,1,0,0,
1336,46d6ac82-6111-45f1-84ec-1ce0f4f7ad3e,2025-05-02 05:34:17,inventories,1,1,0,
1335,4fada355-cf98-422b-bbbf-0526537a1ae3,2025-04-30 09:07:31,inventories,1,0,0,
1334,4586b311-5efe-4c45-92cf-092b00d2d415,2025-04-30 09:08:11,inventories,1,0,0,
1333,cb403b52-6503-4bf6-89e4-75d0619e40ab,2025-04-30 09:11:56,inventories,1,1,0,
1332,52771bdc-e39d-450c-b453-79d39a76bccf,2025-04-30 09:12:08,inventories,1,1,0,
1331,1afe2047-ad3b-40fa-8e8c-c3dcbef0f61c,2025-04-30 09:12:16,inventories,1,1,0,
1330,895fe659-af6e-400e-bb27-68b7d508141d,2025-04-24 05:09:00,inventories,1,0,0,
1329,b6bf5cec-191f-45d4-b77e-f86a0002e03f,2025-04-24 05:08:35,inventories,1,0,0,
1328,35992d28-ca7f-4b70-9db5-07ab8309303e,2025-04-22 12:21:09,inventories,1,0,0,
1327,4586b311-5efe-4c45-92cf-092b00d2d415,2025-04-22 07:19:51,inventories,1,1,0,
1326,4fada355-cf98-422b-bbbf-0526537a1ae3,2025-04-17 04:55:51,inventories,1,0,0,
1324,07c23adc-ddb1-4e00-bed7-c1cee03b1d6c,2025-04-15 06:54:06,inventories,1,1,0,
1323,467689bb-6e2d-4bfc-bf3f-33f49239306f,2025-04-14 12:40:41,inventories,1,1,0,
1321,4586b311-5efe-4c45-92cf-092b00d2d415,2025-04-14 05:52:01,inventories,1,1,0,
1320,52771bdc-e39d-450c-b453-79d39a76bccf,2025-04-11 12:49:34,inventories,1,0,0,
1319,4586b311-5efe-4c45-92cf-092b00d2d415,2025-04-11 12:50:38,inventories,1,0,0,
1318,1a84b651-6361-44f3-8c8a-c3f4d16c1b49,2025-04-11 12:50:51,inventories,1,1,0,
1317,4fada355-cf98-422b-bbbf-0526537a1ae3,2025-04-11 12:49:00,inventories,1,0,0,
1314,4586b311-5efe-4c45-92cf-092b00d2d415,2025-04-11 12:51:08,inventories,1,0,0,
1313,16f9d683-4e8a-4473-a705-9dc3b76a2bd0,2025-07-16 12:19:15,inventories,1,0,0,
1312,1778e2bd-b659-467e-9af2-bcd58b5d7206,2025-04-10 06:18:41,inventories,1,0,0,
1311,467689bb-6e2d-4bfc-bf3f-33f49239306f,2025-04-09 11:55:03,inventories,1,1,0,
1310,b6bf5cec-191f-45d4-b77e-f86a0002e03f,2025-04-09 07:57:09,inventories,1,1,0,
1309,4fada355-cf98-422b-bbbf-0526537a1ae3,2025-04-09 07:57:42,inventories,1,1,0,
1308,035ed2a8-1354-4822-b347-f5aa61dea545,2025-04-09 05:54:29,inventories,1,0,0,
1307,035ed2a8-1354-4822-b347-f5aa61dea545,2025-04-09 05:54:51,inventories,1,0,0,
1306,035ed2a8-1354-4822-b347-f5aa61dea545,2025-04-09 05:55:10,inventories,1,0,0,
1305,02cc09db-36fb-466b-9ed0-49e8e5b1a864,2025-04-08 07:35:27,inventories,1,1,0,
1304,35446524-b1d3-471c-8945-a2b020e212e7,2025-04-07 09:15:02,inventories,1,0,0,
1302,390b1ec8-6481-47fb-affd-b7093e9634b1,2025-04-08 07:35:55,inventories,1,0,0,
1300,365d133f-e811-40df-8d26-a79226997a70,2025-04-04 06:39:34,inventories,1,0,0,
1299,454d491e-14ee-4580-ba95-228cbcb60514,2025-04-04 05:37:56,inventories,1,0,0,
1298,17bd4b25-2305-4116-a7cc-899d2d21f56a,2025-04-04 05:37:44,inventories,1,0,0,
1297,6452073e-adf9-4ebc-a0d0-a195e0a9da0c,2025-04-04 05:37:36,inventories,1,0,0,
1296,08fbbfd5-eb86-49e0-b61f-bd0a91e86f15,2025-04-03 11:39:16,inventories,1,1,0,
1295,c6d6151a-2adc-45e1-92fc-28a2178a9705,2025-04-03 11:38:18,inventories,1,1,0,
1294,4d947452-f9af-4a43-af14-1cc3199c1c02,2025-04-03 11:38:30,inventories,1,1,0,
1293,0cd0cec2-653e-4be8-8940-ef902a9a0dcb,2025-04-03 11:37:29,inventories,1,1,0,
1291,77130fc8-f955-453b-ac3a-c88e33e3d0e4,2025-04-03 11:24:34,inventories,1,0,0,
1290,97582f25-516f-4937-9d08-1ffc40061e7f,2025-04-03 11:37:55,inventories,1,1,0,
1289,75b198f1-d7a9-4a2e-83d5-dc55b2ed9980,2025-04-03 14:10:40,inventories,1,1,0,
1288,3446751a-b317-41a5-ba7c-fc0e744598f3,2025-04-03 09:01:12,inventories,1,1,0,
1287,4586b311-5efe-4c45-92cf-092b00d2d415,2025-04-03 09:01:35,inventories,1,0,0,
1286,390b1ec8-6481-47fb-affd-b7093e9634b1,2025-04-03 05:48:08,inventories,1,0,0,
1285,0138dadd-ecfe-4fa1-97a5-bb18f498c7d7,2025-04-03 05:48:18,inventories,1,0,0,
1283,4586b311-5efe-4c45-92cf-092b00d2d415,2025-04-03 05:47:56,inventories,1,0,0,
1282,390b1ec8-6481-47fb-affd-b7093e9634b1,2025-04-02 04:59:31,inventories,1,0,0,
1281,4fada355-cf98-422b-bbbf-0526537a1ae3,2025-04-01 09:26:45,inventories,1,0,0,
1276,6080ba5f-d474-44a6-80c1-353f62f364b9,2025-04-01 09:29:42,inventories,1,0,0,
1275,9f0e1619-06fd-4270-9ea0-ce50b4a02dc2,2025-04-01 09:30:20,inventories,1,0,0,
1274,a5064651-a5f3-429a-a741-594fcf58eff0,2025-04-01 09:30:42,inventories,1,0,0,
1273,779f9eb6-16c1-4381-ad11-4c0db7b35c09,2025-04-01 09:31:26,inventories,1,0,0,
1272,0890a38b-a2fc-4bb1-95a7-18fa0289aa76,2025-04-01 09:29:29,inventories,1,0,0,
1271,0192d001-ad4f-443a-8f24-405ae0098f22,2025-04-01 07:48:02,inventories,1,0,0,
1270,08fbbfd5-eb86-49e0-b61f-bd0a91e86f15,2025-04-01 09:33:25,inventories,1,0,0,
1269,3b58fe50-9e41-4f8b-9018-1fc0a719b6d9,2025-04-01 09:33:37,inventories,1,0,0,
1268,a244da48-872f-413a-8368-26a1806b8fdd,2025-03-28 13:43:56,inventories,1,1,1,
1267,fddca93c-493c-4995-a443-4b63fc27cfef,2025-03-28 13:43:17,inventories,1,1,1,
1266,467689bb-6e2d-4bfc-bf3f-33f49239306f,2025-03-28 13:43:40,inventories,1,1,0,
1265,51895fde-9495-445f-ad7d-f0695b45ff32,2025-03-28 09:30:36,inventories,1,1,0,
1264,32c0c605-2cdb-4da4-9617-989e9d2c99eb,2025-03-28 07:22:50,inventories,1,1,0,
1263,467689bb-6e2d-4bfc-bf3f-33f49239306f,2025-03-28 07:19:54,inventories,1,1,0,
1261,086ecaa9-04f6-412f-8fa6-77388c1091b9,2025-03-28 07:43:08,inventories,1,0,0,
1260,3b4e1f17-d65b-4334-833f-eb1b943606a4,2025-03-27 13:42:37,inventories,1,1,0,
1258,0138dadd-ecfe-4fa1-97a5-bb18f498c7d7,2025-03-27 13:32:56,inventories,1,0,0,
1257,279202dd-4ad9-4797-81a1-8df2e2fec0fb,2025-03-27 11:16:31,inventories,1,0,0,
1256,b00dfe0e-6a40-4197-bb20-a4d1e193fdc8,2025-03-27 06:19:11,inventories,1,1,0,
1255,4586b311-5efe-4c45-92cf-092b00d2d415,2025-03-27 06:19:47,inventories,1,1,0,
1254,075d06ef-8486-482e-8bcb-dfe451c9e7cc,2025-03-27 06:20:18,inventories,1,1,0,
1253,390b1ec8-6481-47fb-affd-b7093e9634b1,2025-03-27 05:01:55,inventories,1,1,0,
1252,5142e0b8-45a8-4691-900b-ebd64468af25,2025-03-27 05:02:29,inventories,1,0,0,
1250,f56e567d-5a5e-4152-9fc8-2488cbba6893,2025-03-24 11:28:51,inventories,1,1,0,
1249,ed239404-5d24-48d7-acc4-169f6e049d4d,2025-03-24 07:36:39,inventories,1,1,0,
1248,4fada355-cf98-422b-bbbf-0526537a1ae3,2025-03-24 07:36:32,inventories,1,1,0,
1247,ac56d182-bb67-4c83-9b44-683c1813f37e,2025-03-24 07:17:55,inventories,1,0,0,
1246,0cd0cec2-653e-4be8-8940-ef902a9a0dcb,2025-03-24 06:54:12,inventories,1,0,0,
1245,4586b311-5efe-4c45-92cf-092b00d2d415,2025-03-24 04:53:52,inventories,1,1,0,
1244,5397b0a9-a01d-4a4f-a9ed-771e84d43ec0,2025-03-21 06:34:10,inventories,1,0,0,
1243,35446524-b1d3-471c-8945-a2b020e212e7,2025-03-20 12:20:20,inventories,1,0,0,
1242,4586b311-5efe-4c45-92cf-092b00d2d415,2025-03-20 12:16:48,inventories,1,0,0,
1241,4fada355-cf98-422b-bbbf-0526537a1ae3,2025-03-19 14:52:19,inventories,1,1,0,
1240,4fada355-cf98-422b-bbbf-0526537a1ae3,2025-03-19 13:38:52,inventories,1,0,0,
1239,4fada355-cf98-422b-bbbf-0526537a1ae3,2025-03-19 13:26:56,inventories,1,1,0,
1236,9ea1b85e-386c-4613-8e4a-ebb8a011bc11,2025-03-19 12:03:02,inventories,1,1,0,
1235,94e5346b-b0a9-414c-b59f-4ff8b4db6801,2025-03-19 11:39:00,inventories,1,1,0,
1234,9079e8d6-1f3f-4460-9ad0-8e0cd0c053eb,2025-03-19 09:15:34,inventories,1,0,0,
1232,4586b311-5efe-4c45-92cf-092b00d2d415,2025-03-19 09:07:09,inventories,1,1,0,
1230,f016765b-e708-43ea-ac89-be4066bf202d,2025-03-19 05:29:09,inventories,1,0,0,
1229,f016765b-e708-43ea-ac89-be4066bf202d,2025-03-19 05:29:23,inventories,1,0,0,
1228,daeea538-3f21-45c9-8b48-f729d3d666bd,2025-03-19 05:29:35,inventories,1,0,0,
1227,a4b47613-82ea-4cab-bd9d-e2ac669c1a65,2025-03-19 05:29:52,inventories,1,0,0,
1226,97b5d9c3-4ae2-4638-8521-07057285af2d,2025-03-19 05:30:06,inventories,1,0,0,
1225,7410db84-d7d4-4f57-8c8b-953864f31d08,2025-03-19 05:30:28,inventories,1,0,0,
1224,6cf47074-1b01-48b4-846c-c4c763dc501f,2025-03-19 05:31:15,inventories,1,0,0,
1223,5d5a4344-dcc4-4cf2-95d9-bdffcc74ab9b,2025-03-19 05:31:30,inventories,1,0,0,
1222,3abef36d-8d32-4a5c-84e8-14a9cd0f9070,2025-03-19 05:31:47,inventories,1,0,0,
1221,34124bff-5181-4651-83f5-cc47394a646e,2025-03-19 05:32:03,inventories,1,0,0,
1219,5397b0a9-a01d-4a4f-a9ed-771e84d43ec0,2025-03-19 05:35:55,inventories,1,0,0,
1217,390b1ec8-6481-47fb-affd-b7093e9634b1,2025-03-19 05:47:06,inventories,1,0,0,
1216,35446524-b1d3-471c-8945-a2b020e212e7,2025-03-19 05:58:29,inventories,1,1,0,
1215,1ebcc433-5bfd-4370-b909-dae05bdbdb10,2025-03-18 09:03:46,inventories,1,1,0,
1214,701d68ba-aa68-4cfb-9a4d-28c26c7e772e,2025-03-18 12:53:24,inventories,1,0,0,
1213,b957bce7-2f6c-4aca-b407-e72640d9b00c,2025-03-17 12:38:22,inventories,1,0,0,
1211,2df944d8-ea87-4143-a2bd-8781e3abf3b9,2025-03-17 04:25:24,inventories,1,0,0,
1210,35446524-b1d3-471c-8945-a2b020e212e7,2025-03-18 12:53:37,inventories,1,1,0,
1209,f5147855-6bc9-4872-91eb-78f523f890b2,2025-03-18 12:53:48,inventories,1,1,0,
1208,390b1ec8-6481-47fb-affd-b7093e9634b1,2025-03-18 12:53:57,inventories,1,1,0,
1207,fb2b88cc-07d2-4c7a-a5fb-b6b3d3a13e16,2025-03-14 08:37:48,inventories,1,0,0,
1205,4d4f183a-3bdd-41ea-9f10-7947128a750b,2025-03-18 12:54:07,inventories,1,1,0,
1203,4fada355-cf98-422b-bbbf-0526537a1ae3,2025-03-18 12:54:51,inventories,1,0,0,
1202,0997bc69-b0b6-4855-927c-4a12322ac02a,2025-03-14 04:28:57,inventories,1,0,0,
1199,356dab91-c195-4976-a378-a27f1a675f98,2025-03-14 04:28:15,inventories,1,0,0,
1198,454d491e-14ee-4580-ba95-228cbcb60514,2025-03-14 04:27:51,inventories,1,0,0,
1195,4fada355-cf98-422b-bbbf-0526537a1ae3,2025-03-18 12:54:36,inventories,1,1,0,
1194,035ed2a8-1354-4822-b347-f5aa61dea545,2025-03-13 05:44:36,inventories,1,1,0,
1193,f10fbea0-bb85-4cdf-8dd6-89b99599d85b,2025-03-12 09:27:48,inventories,1,1,0,
1192,62c946e9-d39b-4d45-b07c-7261226cf174,2025-03-18 13:19:12,inventories,1,1,0,
1191,0c98a85a-d942-4196-b642-03e36895bffa,2025-03-12 10:47:50,inventories,1,1,0,
1190,6b702326-73bb-4019-b070-7ded129f8a1d,2025-03-19 11:20:38,inventories,1,0,0,
1189,9f1f3446-2cb9-4ea1-b1b3-afac905d88c7,2025-03-19 11:21:12,inventories,1,0,0,
1188,18ebd8ca-5fc8-4bd7-aef7-0da1cc51516d,2025-03-19 11:24:23,inventories,1,0,0,
1187,7eba7467-5bfb-4faa-847d-da44f7470ed1,2025-03-19 11:22:33,inventories,1,0,0,
1186,6080ba5f-d474-44a6-80c1-353f62f364b9,2025-03-11 10:57:40,inventories,1,0,0,
1184,4586b311-5efe-4c45-92cf-092b00d2d415,2025-03-11 08:25:35,inventories,1,1,0,
1183,3c9fc612-8201-4d3e-a60b-cbae56524d85,2025-03-11 08:52:37,inventories,1,1,0,
1181,2df944d8-ea87-4143-a2bd-8781e3abf3b9,2025-03-10 06:04:57,inventories,1,1,0,
1180,4976921a-c455-4c51-8d70-4be034e15d7a,2025-03-10 04:48:46,inventories,1,1,0,
1179,cadcd019-2c48-4023-b395-e62b646413c1,2025-03-10 12:48:41,inventories,1,1,0,
1178,a99700ae-2a9a-4563-96c6-b22340896136,2025-03-10 12:48:49,inventories,1,1,0,
1177,3dfc9855-cb9b-4244-a7de-bffbc3ead43e,2025-03-10 12:48:57,inventories,1,1,0,
1176,6891eaa9-8307-416d-bba4-db5cebf26109,2025-03-10 12:49:19,inventories,1,1,0,
1175,d12154cd-da43-454c-9d10-2743ce6eccf5,2025-03-10 12:49:25,inventories,1,1,0,
1174,28e41f2a-2b57-4c13-a8e0-e92c8dca0792,2025-03-10 12:49:31,inventories,1,1,0,
1173,614f4491-9a37-4791-91db-1ff1dadaeb62,2025-03-10 12:49:37,inventories,1,1,0,
1172,0cccb026-01cc-476f-ae19-b6035554f9e1,2025-03-10 12:49:44,inventories,1,1,0,
1171,bf2a853e-147f-4c3c-83e3-6f22299cb10e,2025-03-10 12:50:01,inventories,1,1,0,
1170,2b8ad9c0-2d1d-4828-b14f-e51472f04d1b,2025-03-10 12:51:09,inventories,1,1,0,
1169,7c7e09d3-e409-423c-887e-522ab351be21,2025-03-10 12:50:59,inventories,1,1,0,
1168,4e49904f-417b-4b69-85a3-32979badbc77,2025-03-10 12:50:48,inventories,1,1,0,
1167,704cbfce-d583-43e9-89b0-b346b3457274,2025-03-10 12:50:38,inventories,1,1,0,
1166,9afcce64-c96e-4da6-8a33-b361c51f4b4a,2025-03-10 12:50:30,inventories,1,1,0,
1165,865b9385-c9db-4e72-956f-31c2a747e7eb,2025-03-10 12:50:23,inventories,1,1,0,
1164,128f8c87-7dce-4940-9875-2c4a7e11417a,2025-03-10 12:50:13,inventories,1,0,0,
1163,b6bf5cec-191f-45d4-b77e-f86a0002e03f,2025-03-07 11:39:30,inventories,1,0,0,
1162,0192d001-ad4f-443a-8f24-405ae0098f22,2025-03-07 08:30:49,inventories,1,0,0,
1161,6fa3274e-b791-43c4-86f7-bf9b6fbf8da6,2025-03-07 06:31:37,inventories,1,0,0,
1160,36f28c42-d0d3-44ff-b3be-eea3e6f038db,2025-03-07 07:47:06,inventories,1,1,0,
1159,2551f931-0bbc-4850-bbab-d6ec7f174d2d,2025-03-18 12:56:00,inventories,1,0,0,
1158,765e3abc-9c4b-45db-9a26-ce349af651be,2025-03-18 12:56:15,inventories,1,0,0,
1157,765e3abc-9c4b-45db-9a26-ce349af651be,2025-03-18 12:56:27,inventories,1,0,0,
1156,467689bb-6e2d-4bfc-bf3f-33f49239306f,2025-03-05 12:51:26,inventories,1,1,0,
1155,560006cd-e357-4f93-a301-2cb202f7ce0e,2025-03-05 09:16:10,inventories,1,1,0,
1153,cefb7e53-caf0-4ea0-a112-85ece2cacead,2025-03-05 07:20:52,inventories,1,1,0,
1152,fbd75bd4-4461-4808-a4b6-710ca7a2362f,2025-03-04 14:24:00,inventories,1,0,0,
1151,79075756-5b99-4398-a503-2d723bd32d40,2025-03-05 12:53:48,inventories,1,0,0,
1148,0138dadd-ecfe-4fa1-97a5-bb18f498c7d7,2025-03-04 10:35:41,inventories,1,1,0,
1147,5d876a79-acc6-4069-b3d9-04aed71aa83d,2025-03-03 12:09:49,inventories,1,1,0,
1146,467689bb-6e2d-4bfc-bf3f-33f49239306f,2025-03-03 08:03:27,inventories,1,1,0,
1145,035ed2a8-1354-4822-b347-f5aa61dea545,2025-03-03 07:40:59,inventories,1,0,0,
1142,b6bf5cec-191f-45d4-b77e-f86a0002e03f,2025-02-27 05:06:29,inventories,1,0,0,
1140,7afe4e94-25eb-430a-9449-c904121f916c,2025-03-18 12:56:44,inventories,1,0,0,
1139,4fada355-cf98-422b-bbbf-0526537a1ae3,2025-02-25 10:42:13,inventories,1,1,0,
1138,02cc09db-36fb-466b-9ed0-49e8e5b1a864,2025-02-25 10:41:57,inventories,1,1,0,
1137,4055da85-fd68-4062-b461-72385dbba52f,2025-02-25 05:08:08,inventories,1,1,0,
1135,62c946e9-d39b-4d45-b07c-7261226cf174,2025-02-24 13:37:21,inventories,1,1,0,
1134,94e5346b-b0a9-414c-b59f-4ff8b4db6801,2025-02-24 12:52:50,inventories,1,0,0,
1133,94e5346b-b0a9-414c-b59f-4ff8b4db6801,2025-02-24 12:21:57,inventories,1,0,0,
1132,4fada355-cf98-422b-bbbf-0526537a1ae3,2025-02-24 11:58:35,inventories,1,0,0,
1131,4fada355-cf98-422b-bbbf-0526537a1ae3,2025-02-24 07:09:56,inventories,1,1,0,
1130,8c31b40c-972b-4b6f-a6d9-3597a5139ab4,2025-02-24 06:47:10,inventories,1,0,0,
1129,4d4f183a-3bdd-41ea-9f10-7947128a750b,2025-02-24 07:10:07,inventories,1,1,0,
1128,ed239404-5d24-48d7-acc4-169f6e049d4d,2025-02-24 07:10:16,inventories,1,1,0,
1127,e8d8d5d8-6ff5-449b-b641-488320fbebde,2025-02-24 07:10:26,inventories,1,1,0,
1126,f7674a6b-1883-4054-8c51-2738d8c6fb5e,2025-02-21 11:32:51,inventories,1,0,0,
1125,765e3abc-9c4b-45db-9a26-ce349af651be,2025-02-21 11:24:54,inventories,1,1,0,
1124,ed239404-5d24-48d7-acc4-169f6e049d4d,2025-02-20 11:22:14,inventories,1,0,0,
1123,ed239404-5d24-48d7-acc4-169f6e049d4d,2025-02-20 08:43:50,inventories,1,1,0,
1121,0192d001-ad4f-443a-8f24-405ae0098f22,2025-02-20 05:34:42,inventories,1,0,0,
1120,02cc09db-36fb-466b-9ed0-49e8e5b1a864,2025-02-20 05:04:02,inventories,1,0,0,
1119,e4cc4c81-accd-4a16-ac4a-b56229208665,2025-02-19 12:57:29,inventories,1,0,0,
1118,e4cc4c81-accd-4a16-ac4a-b56229208665,2025-02-19 12:57:38,inventories,1,0,0,
1117,1b0db11f-20c2-44dd-9b2f-573bdb3a7858,2025-02-19 12:57:07,inventories,1,0,0,
1116,5f7b8641-b75d-48e4-8d7e-7c550a181799,2025-02-19 12:57:52,inventories,1,0,0,
1115,21f5a9db-8525-4eab-b5ca-eacb14deeced,2025-02-19 12:58:03,inventories,1,0,0,
1114,62c0be1b-9502-4553-81e1-f67319430c07,2025-02-19 12:58:32,inventories,1,0,0,
1113,62c0be1b-9502-4553-81e1-f67319430c07,2025-02-19 12:58:54,inventories,1,0,0,
1112,740848eb-00ff-4319-b4c8-13355eae29c0,2025-03-28 07:44:02,inventories,1,0,0,
1111,35446524-b1d3-471c-8945-a2b020e212e7,2025-02-18 12:25:46,inventories,1,1,0,
1110,00c0a4ee-bfbd-4705-a5a6-01bc0067dc0a,2025-02-19 12:58:44,inventories,1,1,0,
1109,740848eb-00ff-4319-b4c8-13355eae29c0,2025-02-18 12:25:34,inventories,1,1,0,
1108,a5064651-a5f3-429a-a741-594fcf58eff0,2025-02-18 07:16:57,inventories,1,0,0,
1107,740848eb-00ff-4319-b4c8-13355eae29c0,2025-02-17 13:23:05,inventories,1,0,0,
1105,7a7ab1da-be8c-46f7-962f-c483f642a101,2025-02-17 07:59:27,inventories,1,0,0,
1104,740848eb-00ff-4319-b4c8-13355eae29c0,2025-02-17 06:44:04,inventories,1,0,0,
1102,62c946e9-d39b-4d45-b07c-7261226cf174,2025-02-17 05:09:20,inventories,1,1,0,
1101,02cc09db-36fb-466b-9ed0-49e8e5b1a864,2025-02-17 04:28:12,inventories,1,0,0,
1100,173969f1-5eae-414c-9db6-6b06be97ab45,2025-02-14 11:56:38,inventories,1,0,0,
1099,4132f528-2226-48cc-b3d8-b35b1ccb2662,2025-02-14 07:49:12,inventories,1,1,0,
1098,740848eb-00ff-4319-b4c8-13355eae29c0,2025-02-14 06:58:26,inventories,1,1,0,
1096,4d4f183a-3bdd-41ea-9f10-7947128a750b,2025-02-13 12:38:51,inventories,1,0,0,
1094,90913873-88a3-492e-959a-3371faa150a7,2025-02-13 12:27:47,inventories,1,0,0,
1093,a9dee66d-a0f5-41c7-8616-98b4e348fea6,2025-02-13 12:28:18,inventories,1,0,0,
1092,2ac6ec4c-b2a7-40a9-be3d-71a016e00ed9,2025-02-13 12:28:28,inventories,1,0,0,
1089,b81f2e95-2086-42ae-93b7-8513ab896284,2025-02-13 07:32:30,inventories,1,0,0,
1088,1e819ba0-1e95-42a9-9bfe-ce77666b8040,2025-02-13 07:32:18,inventories,1,1,0,
1085,90913873-88a3-492e-959a-3371faa150a7,2025-02-13 07:12:56,inventories,1,0,0,
1083,9a977bec-fab8-4313-b0ea-5e529473292c,2025-02-13 06:27:55,inventories,1,1,0,
1082,2d0ea9c1-32a8-47a3-82c7-eeb440b1b58b,2025-02-13 06:42:03,inventories,1,1,0,
1079,740848eb-00ff-4319-b4c8-13355eae29c0,2025-02-12 10:58:46,inventories,1,1,0,
1078,35446524-b1d3-471c-8945-a2b020e212e7,2025-02-12 10:59:12,inventories,1,1,0,
1076,02cc09db-36fb-466b-9ed0-49e8e5b1a864,2025-02-12 06:12:37,inventories,1,1,0,
1075,ed147377-87cb-4133-9a79-4939e6ab39c3,2025-02-12 05:39:41,inventories,1,1,0,
1074,02cc09db-36fb-466b-9ed0-49e8e5b1a864,2025-02-12 07:25:07,inventories,1,1,0,
1072,ac56d182-bb67-4c83-9b44-683c1813f37e,2025-02-11 13:59:03,inventories,1,1,0,
1071,4c007866-438a-410d-b0ab-4bb929266777,2025-02-11 13:58:52,inventories,1,1,0,
1070,38fb8b18-927c-4684-8be6-6c050b0187db,2025-02-11 12:49:23,inventories,1,0,0,
1068,0092b44b-cc94-458c-a0a2-46e1f6f1c92f,2025-02-11 09:19:51,inventories,1,1,0,
1067,02cc09db-36fb-466b-9ed0-49e8e5b1a864,2025-02-11 09:12:39,inventories,1,1,0,
1063,55423e49-d45e-49ef-a5ab-8afb40ef6115,2025-02-11 07:00:22,inventories,1,1,0,
1062,b6bf5cec-191f-45d4-b77e-f86a0002e03f,2025-02-11 06:16:13,inventories,1,0,0,
1061,1778e2bd-b659-467e-9af2-bcd58b5d7206,2025-02-11 07:01:12,inventories,1,0,0,
1059,4055da85-fd68-4062-b461-72385dbba52f,2025-02-11 07:01:49,inventories,1,1,0,
1058,ed239404-5d24-48d7-acc4-169f6e049d4d,2025-02-10 06:43:24,inventories,1,0,0,
1057,86c426ff-6eda-49ba-bda8-daf70a923284,2025-02-10 06:42:42,inventories,1,0,0,
1056,51895fde-9495-445f-ad7d-f0695b45ff32,2025-02-10 05:43:34,inventories,1,1,0,
1055,f1cac0e8-5103-4ff5-a1cf-ac419672617b,2025-02-07 14:42:03,inventories,1,0,0,
1054,cadcd019-2c48-4023-b395-e62b646413c1,2025-02-07 14:42:20,inventories,1,0,0,
1053,740848eb-00ff-4319-b4c8-13355eae29c0,2025-02-10 05:42:37,inventories,1,1,0,
1052,b81f2e95-2086-42ae-93b7-8513ab896284,2025-02-11 07:02:23,inventories,1,0,0,
1051,02cc09db-36fb-466b-9ed0-49e8e5b1a864,2025-02-06 06:35:57,inventories,1,1,0,
1050,ed239404-5d24-48d7-acc4-169f6e049d4d,2025-02-06 05:43:32,inventories,1,1,0,
1049,0138dadd-ecfe-4fa1-97a5-bb18f498c7d7,2025-02-05 07:59:07,inventories,1,1,0,
1048,6e9c8b49-347c-4d86-ba50-22a9665922aa,2025-02-05 07:58:43,inventories,1,1,0,
1047,b6bf5cec-191f-45d4-b77e-f86a0002e03f,2025-02-05 06:21:25,inventories,1,0,0,
1046,35446524-b1d3-471c-8945-a2b020e212e7,2025-02-04 14:00:25,inventories,1,1,0,
1045,5d68a6f3-debc-4498-8e90-20c9c6556de8,2025-02-04 13:44:08,inventories,1,0,0,
1044,f390bafa-b09e-4ff1-924d-3086346766fe,2025-02-04 13:40:40,inventories,1,0,0,
1043,43750e39-110c-44ba-a0a6-c965ad84e553,2025-02-04 13:41:00,inventories,1,0,0,
1042,67972448-9889-41e6-ba2b-d6228242010f,2025-02-04 13:41:11,inventories,1,0,0,
1041,4db07952-ffa7-4b9a-b537-baddbac60335,2025-02-04 13:41:18,inventories,1,0,0,
1040,296c9e3e-eead-413e-9f65-3e12ae79aa00,2025-03-19 11:21:55,inventories,1,0,0,
1039,296c9e3e-eead-413e-9f65-3e12ae79aa00,2025-02-04 13:41:53,inventories,1,0,0,
1038,7eba7467-5bfb-4faa-847d-da44f7470ed1,2025-03-19 11:25:27,inventories,1,0,0,
1037,a93f8def-d2ad-4156-b08f-bc6e8cda3707,2025-03-19 11:26:04,inventories,1,0,0,
1036,f32de036-c21d-4fcb-a9ee-ec984760eed5,2025-02-04 11:35:36,inventories,1,0,0,
1035,ed239404-5d24-48d7-acc4-169f6e049d4d,2025-02-04 07:09:02,inventories,1,1,0,
1034,4d4f183a-3bdd-41ea-9f10-7947128a750b,2025-02-04 07:08:26,inventories,1,1,0,
1033,e8d8d5d8-6ff5-449b-b641-488320fbebde,2025-02-04 07:07:50,inventories,1,1,0,
1032,78fc87d2-d894-483e-be19-6a45c6ad7338,2025-02-04 04:55:25,inventories,1,0,0,
1031,6e9c8b49-347c-4d86-ba50-22a9665922aa,2025-02-04 04:55:11,inventories,1,0,0,
1030,ed239404-5d24-48d7-acc4-169f6e049d4d,2025-02-03 12:12:15,inventories,1,0,0,
1029,46d6ac82-6111-45f1-84ec-1ce0f4f7ad3e,2025-02-03 11:25:39,inventories,1,1,0,
1028,1a8084ff-eb17-439a-8424-3a956ab6c2fd,2025-02-03 08:54:28,inventories,1,0,0,
1027,0919f4e0-ba59-4b71-8d29-7e5e764af404,2025-02-03 08:54:40,inventories,1,0,0,
1026,f5c67bcf-f25e-4a81-afa6-ecc687544f87,2025-02-03 08:54:53,inventories,1,0,0,
1025,a5a9b88b-5fcf-4ef2-a6f3-67241142bf5c,2025-02-03 08:55:09,inventories,1,0,0,
1024,29037848-0b5a-4abc-ad69-2a142478cc52,2025-02-03 08:55:24,inventories,1,0,0,
1022,0cccb026-01cc-476f-ae19-b6035554f9e1,2025-02-03 08:55:39,inventories,1,0,0,
1021,88342833-4d97-4bec-bd59-2042f509f3ae,2025-02-03 08:56:05,inventories,1,0,0,
1020,4a7e4c37-4b5d-484d-9ecb-d0e7618286e5,2025-02-03 08:56:29,inventories,1,0,0,
1016,475d7061-cc5e-4474-bb50-7a27bd9f4981,2025-02-03 08:45:14,inventories,1,0,0,
1015,86b01554-005b-4cd0-841d-51528317c4e5,2025-02-03 08:45:26,inventories,1,0,0,
1013,2c15da2e-be42-4b31-80a1-dca6762536d0,2025-02-03 08:45:40,inventories,1,0,0,
1012,421264a2-2953-4e19-97d7-3a74d1965499,2025-02-03 08:45:55,inventories,1,0,0,
1011,5022d586-62b8-4dab-aad0-f50516ab81f5,2025-02-03 08:39:36,inventories,1,0,0,
1010,6452073e-adf9-4ebc-a0d0-a195e0a9da0c,2025-02-03 08:40:08,inventories,1,0,0,
1009,f0e40f53-b9ca-4acb-81ec-f44a6cdfbb0b,2025-02-03 08:34:06,inventories,1,0,0,
1008,02cc09db-36fb-466b-9ed0-49e8e5b1a864,2025-02-03 06:16:54,inventories,1,1,0,
1007,0ac5088b-bbc1-4b77-a99b-08740a63eb8b,2025-02-03 05:15:45,inventories,1,1,0,
1005,62c946e9-d39b-4d45-b07c-7261226cf174,2025-02-12 07:43:08,inventories,1,0,0,
1004,4a6fb8a2-f638-42b5-834e-28388d070bda,2025-02-12 07:23:31,inventories,1,0,0,
1003,4132f528-2226-48cc-b3d8-b35b1ccb2662,2025-02-12 07:24:08,inventories,1,0,0,
1002,0a2760d1-290e-4d15-b91f-8f7eeecf7515,2025-01-30 12:07:35,inventories,1,1,0,
1001,0a2760d1-290e-4d15-b91f-8f7eeecf7515,2025-01-30 09:24:55,inventories,1,1,0,
1000,35446524-b1d3-471c-8945-a2b020e212e7,2025-01-30 06:41:40,inventories,1,1,0,
999,ac56d182-bb67-4c83-9b44-683c1813f37e,2025-01-30 05:49:50,inventories,1,0,0,
998,043a34ea-f86c-4e17-a590-6d7930cbd2b7,2025-02-10 12:29:20,inventories,1,1,0,
996,b01e4066-139f-4a4b-a572-94d115ee3a91,2025-01-31 05:52:44,inventories,1,0,0,
991,158862ca-3861-49d0-a341-3bf73b030cdc,2025-03-19 11:26:40,inventories,1,0,0,
990,158862ca-3861-49d0-a341-3bf73b030cdc,2025-03-19 11:27:23,inventories,1,0,0,
987,62c946e9-d39b-4d45-b07c-7261226cf174,2025-01-29 05:19:19,inventories,1,1,0,
986,76d77479-2f04-4779-a559-c7040c06a1e0,2025-01-28 06:23:48,inventories,1,0,0,
985,ba688b7f-7b6d-4fe9-9238-54710ce81217,2025-01-27 11:56:17,inventories,1,1,0,
984,073feb7e-208f-4cb2-93bb-4d7b9f49b2db,2025-01-27 07:55:54,inventories,1,0,0,
983,ba164453-ddec-4a2b-a449-67d437eee6d2,2025-01-27 07:56:13,inventories,1,0,0,
982,334a7eb0-60f2-4f62-9de2-aea714dbf657,2025-01-27 07:56:27,inventories,1,0,0,
981,27aae528-d335-44b9-a77a-395f3fb573f0,2025-01-27 07:56:56,inventories,1,0,0,
980,782ef666-efe6-4fd1-9f9d-1e338b7b4657,2025-01-27 07:46:43,inventories,1,1,0,
979,2283de67-5d84-4145-88a1-30a98fcf5430,2025-01-27 07:23:42,inventories,1,1,0,
977,1da3b585-44f2-4246-84ee-71401c943202,2025-01-27 04:10:41,inventories,1,1,0,
973,76ebeb85-2f8c-4b82-a56d-d54d10a19fa0,2025-01-23 09:04:02,inventories,1,0,0,
972,005402f1-c5c3-4fe8-b937-6755451aeea8,2025-01-23 09:04:46,inventories,1,0,0,
969,35446524-b1d3-471c-8945-a2b020e212e7,2025-01-23 05:28:52,inventories,1,0,0,
960,b6bf5cec-191f-45d4-b77e-f86a0002e03f,2025-01-22 12:44:58,inventories,1,0,0,
959,ce7c7f86-eb63-46c2-9b2a-02770a4e31fe,2025-01-22 12:31:55,inventories,1,0,0,
953,abeca3dd-f095-4119-8ce3-680a4f8fc517,2025-02-17 06:34:25,inventories,1,0,0,
951,9b760f78-d0dc-4419-96c6-3536b7a94adb,2025-01-22 12:31:05,inventories,1,0,0,
950,5aea75d8-cce6-4fdb-93b5-d0f756380930,2025-01-22 12:30:51,inventories,1,0,0,
948,0f3b2b07-8807-4c86-acc5-dfc84258581b,2025-01-22 12:30:30,inventories,1,0,0,
947,056953b9-ab07-45f8-932c-4a297349138e,2025-01-22 12:30:11,inventories,1,0,0,
943,b8539eff-4934-4c21-a0b1-724bf784bb16,2025-01-22 12:29:28,inventories,1,0,0,
942,b2add71a-cd17-4606-89f1-5be12501ea28,2025-01-22 12:29:00,inventories,1,0,0,
941,0066c0c6-1331-44c4-a209-125c99891fab,2025-01-22 12:28:39,inventories,1,0,0,
940,7a7ab1da-be8c-46f7-962f-c483f642a101,2025-01-22 06:24:00,inventories,1,0,0,
939,03effb4a-2c17-47b3-81d3-be01328ea79f,2025-01-22 06:23:37,inventories,1,0,0,
938,056953b9-ab07-45f8-932c-4a297349138e,2025-01-22 06:23:29,inventories,1,0,0,
937,346c19e6-58a2-4931-b491-1751a37c96b1,2025-01-22 06:23:20,inventories,1,0,0,
936,6080ba5f-d474-44a6-80c1-353f62f364b9,2025-01-22 06:18:52,inventories,1,0,0,
935,53d9d866-ef4b-44e0-a3b8-dfc8533f32f7,2025-01-22 06:23:04,inventories,1,0,0,
934,72a41c93-e3c7-4e05-a6b5-c259dc31cee5,2025-01-22 06:22:55,inventories,1,0,0,
933,6d651e96-92e3-4499-b855-81920e6c6d50,2025-01-22 06:22:41,inventories,1,0,0,
932,835db3c8-3db3-487a-8c1c-4c37ef731569,2025-01-22 06:22:33,inventories,1,0,0,
931,2d81bc92-3cc4-456e-9d87-e3b159d61d42,2025-01-22 06:22:25,inventories,1,0,0,
930,8726360e-fbd2-4933-9221-dc11dd935ccb,2025-01-22 06:22:16,inventories,1,0,0,
929,00127af5-67f8-4819-a7e2-6fa0a225611f,2025-01-22 06:22:07,inventories,1,0,0,
928,a554286c-bdf5-4371-aa18-346e536ada13,2025-01-22 06:21:47,inventories,1,0,0,
927,79de1eb0-980e-48ab-8d52-3423ca956106,2025-01-22 06:21:38,inventories,1,0,0,
926,25eb43a6-1773-4974-81be-06de9f095587,2025-01-22 06:21:28,inventories,1,0,0,
925,79de1eb0-980e-48ab-8d52-3423ca956106,2025-01-22 06:21:15,inventories,1,0,0,
924,25eb43a6-1773-4974-81be-06de9f095587,2025-01-22 06:21:04,inventories,1,0,0,
923,263a2c89-c91f-4ddc-a114-5fd1e7191593,2025-01-21 14:11:07,inventories,1,0,0,
922,fceead7d-1125-4108-bfef-ab6229becabf,2025-01-21 07:24:19,inventories,1,1,0,
921,35446524-b1d3-471c-8945-a2b020e212e7,2025-01-21 07:24:30,inventories,1,1,0,
920,4132f528-2226-48cc-b3d8-b35b1ccb2662,2025-01-21 07:13:03,inventories,1,1,0,
919,6080ba5f-d474-44a6-80c1-353f62f364b9,2025-01-20 12:59:38,inventories,1,0,0,
918,a2bbf731-111a-4057-9de1-660dc6aef20d,2025-01-20 13:27:31,inventories,1,1,0,
917,52771bdc-e39d-450c-b453-79d39a76bccf,2025-02-12 07:50:42,inventories,1,0,0,
916,356dab91-c195-4976-a378-a27f1a675f98,2025-01-20 11:41:02,inventories,1,1,0,
914,ed239404-5d24-48d7-acc4-169f6e049d4d,2025-01-20 08:39:40,inventories,1,1,0,
913,4132f528-2226-48cc-b3d8-b35b1ccb2662,2025-01-20 06:26:05,inventories,1,1,0,
911,55423e49-d45e-49ef-a5ab-8afb40ef6115,2025-01-20 08:39:00,inventories,1,1,0,
910,76ebeb85-2f8c-4b82-a56d-d54d10a19fa0,2025-01-20 08:40:24,inventories,1,1,0,
907,2df944d8-ea87-4143-a2bd-8781e3abf3b9,2025-01-17 07:29:13,inventories,1,1,0,
906,263a2c89-c91f-4ddc-a114-5fd1e7191593,2025-01-17 07:29:25,inventories,1,1,0,
905,6e9c8b49-347c-4d86-ba50-22a9665922aa,2025-01-23 09:05:00,inventories,1,0,0,
904,e0a477ce-66f9-46cf-bc2d-2d5a6f420f7c,2025-01-17 05:23:26,inventories,1,1,0,
903,6e9c8b49-347c-4d86-ba50-22a9665922aa,2025-01-20 08:41:08,inventories,1,1,0,
902,399070c0-2268-4bf6-b015-33d4461aeb84,2025-01-20 08:41:30,inventories,1,1,0,
901,385b4ca9-5e1a-4e45-8929-5fdbb02622d3,2025-01-20 08:41:45,inventories,1,1,0,
900,2e9c20d2-c9a6-42e0-9560-6fcf1562cf44,2025-01-20 08:42:07,inventories,1,1,0,
899,abeca3dd-f095-4119-8ce3-680a4f8fc517,2025-01-20 08:42:27,inventories,1,1,0,
897,740848eb-00ff-4319-b4c8-13355eae29c0,2025-01-20 08:43:01,inventories,1,1,0,
896,35446524-b1d3-471c-8945-a2b020e212e7,2025-01-16 12:03:10,inventories,1,0,0,
895,ed239404-5d24-48d7-acc4-169f6e049d4d,2025-01-16 06:36:53,inventories,1,1,0,
894,02ca7286-44bc-4fc2-87b9-04d4a8fe15e1,2025-01-16 07:24:57,inventories,1,1,0,
893,06b0071d-d003-4512-bddb-df5482c47025,2025-01-15 12:43:19,inventories,1,1,0,
892,0ea5fca0-8f91-49ec-9bb9-6fe15249790c,2025-01-16 12:02:34,inventories,1,1,0,
891,55423e49-d45e-49ef-a5ab-8afb40ef6115,2025-01-16 12:02:42,inventories,1,0,0,
890,21962493-8c87-4c26-9999-834e2ee79572,2025-01-16 12:02:53,inventories,1,1,0,
883,e57008e2-90ff-4cb8-9d5d-2cd577eb32e2,2025-01-14 09:34:37,inventories,1,0,0,
882,35446524-b1d3-471c-8945-a2b020e212e7,2025-01-14 09:34:50,inventories,1,1,0,
881,6e9c8b49-347c-4d86-ba50-22a9665922aa,2025-01-14 09:35:01,inventories,1,1,0,
878,76d77479-2f04-4779-a559-c7040c06a1e0,2025-01-14 05:50:06,inventories,1,1,0,
877,02292bb3-9b8d-4975-b707-422bfd345da0,2025-01-14 04:23:35,inventories,1,1,0,
876,217db9bf-4927-4607-b24f-65667e71ad37,2025-01-14 04:24:17,inventories,1,1,0,
875,4d947452-f9af-4a43-af14-1cc3199c1c02,2025-01-14 04:23:53,inventories,1,1,0,
874,03870bf0-6e7e-40ac-8d0e-baf97eec2938,2025-01-14 04:24:33,inventories,1,1,0,
871,003c6eaf-a63b-4b57-bab0-ef3d20c10315,2025-01-10 08:24:28,inventories,1,1,0,
870,6e9c8b49-347c-4d86-ba50-22a9665922aa,2025-01-10 08:25:18,inventories,1,1,0,
867,701d68ba-aa68-4cfb-9a4d-28c26c7e772e,2025-01-10 06:04:46,inventories,1,1,0,
866,2a44e5fd-2ea3-4484-bd3a-39eabd8cfc66,2025-01-10 07:09:21,inventories,1,1,0,
864,ed239404-5d24-48d7-acc4-169f6e049d4d,2025-01-10 06:05:43,inventories,1,1,0,
863,316d7525-31dd-4bc0-be15-7ae8d95c1d17,2025-01-09 10:59:04,inventories,1,1,0,
862,46119370-5bc9-4af5-b199-181c93db1866,2025-01-09 10:59:11,inventories,1,1,0,
861,d90fca0c-a525-4aa5-8510-c04259c2749c,2025-01-09 10:59:19,inventories,1,1,0,
860,8a676fcc-a55e-4cad-a8ab-de3c92928bea,2025-01-09 10:59:29,inventories,1,1,0,
859,5a67215a-cfdf-4d82-ae03-967d3fa5a0c9,2025-01-09 10:59:40,inventories,1,1,0,
858,318b6195-cf0b-4ec9-b366-609d477442f6,2025-01-09 10:59:52,inventories,1,1,0,
857,75c0a1f5-a734-477a-9848-97dfb4e45e19,2025-01-09 11:00:05,inventories,1,0,0,
856,2a44e5fd-2ea3-4484-bd3a-39eabd8cfc66,2025-01-06 06:47:56,inventories,1,0,0,
853,e2c3e0d1-2ea3-47f6-8f49-cec9fda2c408,2025-01-09 11:02:21,inventories,1,1,0,
852,05e9d525-9400-41a6-8f10-7f5ee5f590df,2025-01-09 11:02:09,inventories,1,0,0,
851,0dfb31d3-8888-48e6-a461-267147263ed5,2025-01-09 11:01:55,inventories,1,1,0,
850,184c1964-1a04-43aa-940d-4db296754d5a,2025-01-09 11:01:36,inventories,1,1,0,
849,184c478b-da32-4b81-9e3e-ba951824078b,2025-01-09 11:01:23,inventories,1,1,0,
848,02960ff9-cdbf-411e-a3ac-433af30074d1,2025-01-09 11:01:10,inventories,1,1,0,
847,0f94821d-02f3-4341-927a-9624fe911c17,2025-01-09 11:00:59,inventories,1,1,0,
846,7fcf544e-482a-4c8f-86ea-f9ea34f09d36,2025-01-09 11:00:45,inventories,1,1,0,
845,80f0f9ff-27a2-4b4e-886c-196a3c7cda8c,2025-01-09 11:00:32,inventories,1,1,0,
843,1efa2964-53a0-4cb2-883f-50d5cb52265e,2025-01-03 05:58:21,inventories,1,1,0,
841,02cc09db-36fb-466b-9ed0-49e8e5b1a864,2025-01-02 05:43:39,inventories,1,0,0,
838,02cc09db-36fb-466b-9ed0-49e8e5b1a864,2025-01-01 11:28:39,inventories,1,1,0,
837,454d491e-14ee-4580-ba95-228cbcb60514,2025-01-01 08:58:34,inventories,1,1,0,
836,62116874-de42-4267-9807-7ae2cd9395ef,2024-12-31 09:05:55,inventories,1,1,0,
834,61fea7e0-ada4-47a4-a84a-6142f9862b7e,2024-12-31 08:42:41,inventories,1,1,0,
833,698ada5b-6578-4ba6-8d65-77951b92d198,2024-12-31 08:43:27,inventories,1,1,0,
832,36f9167d-fdde-4f74-8f29-57e339213007,2024-12-31 08:37:31,inventories,1,1,0,
831,d8142057-69c7-471e-9b1e-d533435a49f7,2024-12-31 08:37:12,inventories,1,1,0,
829,3e096438-9c2d-4784-beb2-bd4cd9d6fae1,2024-12-31 08:45:05,inventories,1,1,0,
828,3039f7cd-5217-4fd4-af59-afb78f95d5a0,2024-12-31 08:46:06,inventories,1,1,0,
819,09ab4153-9e40-4b4a-84a3-35b9c8b42e47,2024-12-30 06:43:14,inventories,1,1,0,
818,2a44e5fd-2ea3-4484-bd3a-39eabd8cfc66,2024-12-27 08:26:26,inventories,1,1,0,
817,51895fde-9495-445f-ad7d-f0695b45ff32,2024-12-26 08:58:00,inventories,1,1,0,
816,ad32b911-513f-4d86-8172-c0c70d81c2fa,2024-12-26 08:58:12,inventories,1,1,0,
815,827116e3-ba47-49eb-b30e-9de48ec3410e,2024-12-26 05:35:04,inventories,1,1,0,
813,4055da85-fd68-4062-b461-72385dbba52f,2024-12-30 06:05:37,inventories,1,0,0,
812,ac56d182-bb67-4c83-9b44-683c1813f37e,2024-12-25 05:14:43,inventories,1,1,0,
811,d8a8c7e1-95d3-4704-85ce-abf547a1cd17,2024-12-31 09:32:08,inventories,1,0,0,
810,1ec2f113-2254-49a3-8eca-375f97677c83,2024-12-31 09:32:55,inventories,1,0,0,
809,279202dd-4ad9-4797-81a1-8df2e2fec0fb,2024-12-31 09:32:35,inventories,1,0,0,
803,1b03efc3-997a-420b-a6d8-495f85c1ab73,2024-12-24 08:11:16,inventories,1,1,0,
802,18fd249f-3382-46cb-9a64-9cf3a5c7da05,2024-12-24 08:11:08,inventories,1,1,0,
801,0192d001-ad4f-443a-8f24-405ae0098f22,2024-12-24 05:35:09,inventories,1,0,0,
798,51895fde-9495-445f-ad7d-f0695b45ff32,2024-12-23 08:00:15,inventories,1,1,0,
796,755e3ce3-b7bf-473d-96d4-a42b15f65dc1,2024-12-23 06:56:19,inventories,1,1,0,
795,a5044766-4edd-4bd3-b04e-0fb40d81e273,2024-12-23 06:55:59,inventories,1,1,0,
794,2aab5fc0-1eb4-41dd-8dc8-1f791987af2b,2024-12-23 06:56:36,inventories,1,1,0,
793,b1fd3205-2fd6-4381-8805-ab4a487689d9,2024-12-30 06:55:26,inventories,1,1,0,
792,ed4f25cc-b76f-4d77-9dec-1b9fd1b1c1cb,2024-12-30 06:54:49,inventories,1,0,0,
791,2d682633-24e4-4167-9f4c-4fcc6f2ebbc0,2024-12-30 06:55:06,inventories,1,0,0,
790,e80d6acc-c5fb-4aff-9178-898f7f95e5cf,2024-12-20 12:45:47,inventories,1,1,0,
789,6da9d358-86fe-4232-8e5e-501a1761a504,2024-12-20 12:46:00,inventories,1,1,0,
788,756a1ea4-70d0-49bb-91b3-cf601e63b03e,2024-12-20 12:46:14,inventories,1,1,0,
787,caa69a2e-a883-4418-8da0-7630bacfad51,2024-12-20 12:46:24,inventories,1,1,0,
786,07b07e22-db01-48ff-94e8-802acfedca77,2024-12-20 12:46:38,inventories,1,1,0,
785,fd284e86-6c4d-4297-a959-036c9a89a6c3,2024-12-20 12:46:50,inventories,1,1,0,
784,6d5b6d39-b121-47c8-a302-69e008d33359,2024-12-20 12:47:02,inventories,1,1,0,
783,6d5b6d39-b121-47c8-a302-69e008d33359,2024-12-20 12:49:04,inventories,1,0,0,
782,c2fa6a37-bf3f-4a80-aa23-6199d4e63e3d,2024-12-20 12:47:26,inventories,1,1,0,
781,039cb2d8-ee41-44da-8101-9aebe2a4f678,2024-12-20 12:47:38,inventories,1,1,0,
780,f50f7cc8-9091-4e1d-b216-e1d5ac2bb6ff,2024-12-20 12:47:51,inventories,1,1,0,
779,f800b441-0e5c-43c6-9b18-24e8c98c6536,2024-12-20 12:48:02,inventories,1,1,0,
778,77232f41-b9c1-4023-922d-105118617641,2024-12-20 12:48:11,inventories,1,1,0,
777,d4df43ff-b834-45a5-9cee-2bf5cd51ae03,2024-12-20 12:48:21,inventories,1,1,0,
776,2551f931-0bbc-4850-bbab-d6ec7f174d2d,2024-12-20 10:40:35,inventories,1,0,0,
775,da81d2e1-9bec-42fa-b0bb-3073688ca89a,2024-12-20 07:48:09,inventories,1,1,0,
771,2a44e5fd-2ea3-4484-bd3a-39eabd8cfc66,2024-12-18 04:50:19,inventories,1,1,0,
769,2ca2c076-9350-4f05-bcc4-deb68e02a291,2024-12-17 07:15:15,inventories,1,1,0,
761,fb8fd894-0599-4f17-b5f1-35147df7d545,2024-12-16 12:02:37,inventories,1,1,0,
760,6c3c1bae-11e1-4f81-810d-b4af94de000e,2024-12-16 12:02:52,inventories,1,1,0,
759,52771bdc-e39d-450c-b453-79d39a76bccf,2024-12-16 08:44:04,inventories,1,1,0,
757,94de02a9-fa8a-46ad-82af-6ffeae5e4232,2024-12-16 11:04:20,inventories,1,1,0,
755,51895fde-9495-445f-ad7d-f0695b45ff32,2024-12-13 06:06:19,inventories,1,1,0,
754,fceead7d-1125-4108-bfef-ab6229becabf,2024-12-13 06:06:07,inventories,1,1,0,
752,62116874-de42-4267-9807-7ae2cd9395ef,2024-12-11 14:31:20,inventories,1,1,0,
751,ed239404-5d24-48d7-acc4-169f6e049d4d,2024-12-30 06:22:02,inventories,1,0,0,
750,51895fde-9495-445f-ad7d-f0695b45ff32,2024-12-11 14:22:16,inventories,1,1,0,
749,31d3ab71-62d7-4cc9-92c7-05d3cfc2d5db,2024-12-11 14:20:11,inventories,1,1,0,
748,ed239404-5d24-48d7-acc4-169f6e049d4d,2024-12-11 08:40:40,inventories,1,1,0,
747,454d491e-14ee-4580-ba95-228cbcb60514,2024-12-11 07:34:50,inventories,1,1,0,
746,47a2a7b7-a854-4d99-a1e6-069019448dcb,2024-12-11 05:42:07,inventories,1,1,0,
745,c0907036-2eef-4061-943c-54b1e6089af7,2024-12-11 05:23:43,inventories,1,1,0,
744,c0b3a42c-4c00-4cd6-b868-435ed38bb40d,2024-12-11 05:24:03,inventories,1,1,0,
743,f9f69a42-3051-4733-b2b4-0397017b02bb,2024-12-10 08:40:39,inventories,1,1,0,
742,90f8a4b2-6fac-4acd-a7b0-386772a8d558,2024-12-10 08:37:49,inventories,1,1,0,
741,6c26779f-cf47-4de0-9531-2b2a5eb337c3,2024-12-10 08:46:24,inventories,1,1,0,
740,0887c33b-3b1a-422a-a2e1-e7132a01b49f,2024-12-10 08:37:21,inventories,1,1,0,
739,43723adf-eac1-48f0-9e9a-973fe9ba6181,2024-12-10 08:35:58,inventories,1,1,0,
738,2b06faa9-dcb1-4f4e-9499-f98209e16733,2024-12-10 08:33:54,inventories,1,1,0,
737,e3c4c78d-4c16-4d32-a0f8-53e388085aa1,2024-12-10 08:33:08,inventories,1,1,0,
736,5fa4b599-189a-4cdf-be41-e9983917c452,2024-12-10 08:32:32,inventories,1,1,0,
735,bec2a1d5-354b-4626-8236-8e8fd6bae825,2024-12-10 08:31:23,inventories,1,1,0,
733,174ffdc4-2170-4594-98c8-80f9216db0c1,2024-12-10 08:28:11,inventories,1,1,0,
732,35446524-b1d3-471c-8945-a2b020e212e7,2024-12-30 06:05:10,inventories,1,1,0,
731,7db8c198-acc6-46ce-916f-2326cae3c2f2,2024-12-09 07:29:07,inventories,1,1,0,
730,5aa9379a-f14f-4506-9778-4c829043d94a,2024-12-07 08:16:02,inventories,1,0,0,
729,0890a38b-a2fc-4bb1-95a7-18fa0289aa76,2024-12-09 12:21:16,inventories,1,0,0,
728,0890a38b-a2fc-4bb1-95a7-18fa0289aa76,2024-12-09 12:21:03,inventories,1,0,0,
727,0890a38b-a2fc-4bb1-95a7-18fa0289aa76,2024-12-09 09:20:18,inventories,1,0,0,
725,128f8c87-7dce-4940-9875-2c4a7e11417a,2024-12-30 06:27:49,inventories,1,0,0,
721,0e1f7d5e-c043-44da-bf16-4eb253fd1dfa,2024-12-09 09:20:34,inventories,1,0,0,
720,c2963b6a-32f8-4769-a010-840a6563fdde,2024-12-06 13:16:05,inventories,1,0,0,
716,95a4dfbd-5327-475f-a489-c9cd9e5fe707,2024-12-06 11:20:57,inventories,1,1,0,
715,ff250c81-6abb-46be-9d04-2e17666d387e,2024-12-06 08:05:39,inventories,1,1,0,
714,e57008e2-90ff-4cb8-9d5d-2cd577eb32e2,2024-12-06 07:34:10,inventories,1,1,0,
712,35446524-b1d3-471c-8945-a2b020e212e7,2024-12-06 07:34:44,inventories,1,1,0,
711,fceead7d-1125-4108-bfef-ab6229becabf,2024-12-06 07:35:00,inventories,1,1,0,
709,d59e0b6b-1ab1-40e8-845c-b573c6242028,2024-12-06 05:58:53,inventories,1,0,0,
707,434d34d9-38f0-4ea2-9aa7-f216fb22103d,2024-12-05 13:40:53,inventories,1,1,0,
706,53c0c3eb-cb80-4c04-ba85-90d7705b8aba,2024-12-05 13:41:11,inventories,1,1,0,
705,18faadde-9716-4a75-b4f7-61852212a24d,2024-12-05 13:07:52,inventories,1,1,0,
703,9a46dc6b-5356-4ecd-a8c5-b1f5199775fe,2024-12-05 07:47:22,inventories,1,0,0,
702,133769bd-8026-451c-ba13-e091daaa3cc7,2024-12-05 07:47:32,inventories,1,0,0,
701,31d3ab71-62d7-4cc9-92c7-05d3cfc2d5db,2024-12-04 08:31:32,inventories,1,1,0,
700,35446524-b1d3-471c-8945-a2b020e212e7,2024-12-04 05:44:21,inventories,1,0,0,
692,4d4f183a-3bdd-41ea-9f10-7947128a750b,2024-11-28 11:13:02,inventories,1,1,0,
691,ae12ef7b-a049-4f49-a366-15afc42efc2d,2024-11-28 11:12:40,inventories,1,1,0,
690,ed239404-5d24-48d7-acc4-169f6e049d4d,2024-11-28 11:13:15,inventories,1,1,0,
689,51895fde-9495-445f-ad7d-f0695b45ff32,2024-11-28 08:05:24,inventories,1,1,0,
687,e0a477ce-66f9-46cf-bc2d-2d5a6f420f7c,2024-11-28 04:52:25,inventories,1,1,0,
686,6e9c8b49-347c-4d86-ba50-22a9665922aa,2024-11-28 04:52:56,inventories,1,1,0,
685,78fc87d2-d894-483e-be19-6a45c6ad7338,2024-11-28 04:53:32,inventories,1,1,0,
681,ed239404-5d24-48d7-acc4-169f6e049d4d,2024-11-27 14:18:42,inventories,1,1,0,
680,ed239404-5d24-48d7-acc4-169f6e049d4d,2024-11-27 05:46:54,inventories,1,0,0,
678,ed239404-5d24-48d7-acc4-169f6e049d4d,2024-11-26 08:46:32,inventories,1,0,0,
677,da4014c6-8229-45cd-87f3-c92feec74bec,2024-11-26 08:37:21,inventories,1,1,0,
676,e57008e2-90ff-4cb8-9d5d-2cd577eb32e2,2024-11-26 07:57:15,inventories,1,1,0,
673,899d482f-66a2-4767-a07f-405d41f26236,2024-11-26 07:03:44,inventories,1,1,0,
672,ed239404-5d24-48d7-acc4-169f6e049d4d,2024-11-26 05:34:22,inventories,1,1,0,
671,da4014c6-8229-45cd-87f3-c92feec74bec,2024-11-25 13:10:19,inventories,1,1,0,
670,67efaf78-fcbc-4a0a-bbdc-8cd6157ab139,2024-11-25 12:36:12,inventories,1,1,0,
669,d189330a-c0ea-4401-bea2-1cef2299cc1f,2024-11-22 03:40:36,inventories,1,1,0,
665,76d0c743-e2a1-4a7e-898d-78de19cc3b45,2024-11-19 06:03:33,inventories,1,1,0,
664,ed239404-5d24-48d7-acc4-169f6e049d4d,2024-11-19 05:43:49,inventories,1,1,0,
663,76d0c743-e2a1-4a7e-898d-78de19cc3b45,2024-11-19 05:26:52,inventories,1,1,0,
662,76d0c743-e2a1-4a7e-898d-78de19cc3b45,2024-11-19 05:04:04,inventories,1,1,0,
660,4c6d5d45-89ef-442d-b315-b4518f5b4251,2024-11-18 06:19:07,inventories,1,1,0,
659,4c6d5d45-89ef-442d-b315-b4518f5b4251,2024-11-15 13:27:07,inventories,1,0,0,
657,6ce75822-6c0b-4ed3-9f3e-eccb4c356cab,2024-11-15 11:22:11,inventories,1,0,0,
656,1ffeaa44-d2f0-419a-801a-248ff1ca2345,2024-11-15 07:15:39,inventories,1,0,0,
655,0c161bbe-c104-4527-8b3d-bb203ae62649,2024-11-15 05:04:15,inventories,1,0,0,
654,12533145-5e69-4f73-b5d1-ba00068c2c6e,2024-11-14 04:57:25,inventories,1,1,0,
653,4c6d5d45-89ef-442d-b315-b4518f5b4251,2024-11-13 06:35:16,inventories,1,0,0,
652,ed239404-5d24-48d7-acc4-169f6e049d4d,2024-11-12 12:36:19,inventories,1,0,0,
651,51895fde-9495-445f-ad7d-f0695b45ff32,2024-11-12 09:21:05,inventories,1,0,0,
648,d9141fce-bd24-476b-8f3d-f19d476214f3,2024-11-11 07:47:09,inventories,1,0,0,
647,31d3ab71-62d7-4cc9-92c7-05d3cfc2d5db,2024-11-11 07:46:49,inventories,1,1,0,
646,b89b0790-87a9-4905-84d0-311fc3ca7d96,2024-11-08 06:56:33,inventories,1,1,0,
645,2ca2c076-9350-4f05-bcc4-deb68e02a291,2024-12-30 06:33:55,inventories,1,0,0,
644,ed239404-5d24-48d7-acc4-169f6e049d4d,2024-11-06 12:23:12,inventories,1,0,0,
643,abeca3dd-f095-4119-8ce3-680a4f8fc517,2024-11-06 04:56:35,inventories,1,1,0,
642,e57008e2-90ff-4cb8-9d5d-2cd577eb32e2,2024-11-04 12:15:08,inventories,1,1,0,
641,ed239404-5d24-48d7-acc4-169f6e049d4d,2024-11-04 05:27:20,inventories,1,1,0,
640,4d4f183a-3bdd-41ea-9f10-7947128a750b,2024-11-04 05:27:31,inventories,1,1,0,
639,35446524-b1d3-471c-8945-a2b020e212e7,2024-11-04 05:27:48,inventories,1,1,0,
638,35446524-b1d3-471c-8945-a2b020e212e7,2024-11-04 05:27:57,inventories,1,1,0,
637,51895fde-9495-445f-ad7d-f0695b45ff32,2024-11-01 05:43:58,inventories,1,0,0,
636,b89b0790-87a9-4905-84d0-311fc3ca7d96,2024-10-31 12:39:07,inventories,1,0,0,
633,67ea615f-f157-4409-85d3-ee2be51b1c3d,2024-10-31 05:07:28,inventories,1,1,0,
632,51895fde-9495-445f-ad7d-f0695b45ff32,2024-10-31 05:07:16,inventories,1,1,0,
631,ed239404-5d24-48d7-acc4-169f6e049d4d,2024-10-30 12:20:11,inventories,1,1,0,
630,94869ce0-1b91-45c6-a54c-98abb38f078b,2024-10-30 12:19:57,inventories,1,0,0,
628,d9141fce-bd24-476b-8f3d-f19d476214f3,2024-10-30 11:41:10,inventories,1,1,0,
627,f6da7d80-49fe-45e1-8786-29eb8238a498,2024-10-29 14:31:12,inventories,1,1,0,
626,17a9cd1d-c8f9-4d92-8af7-bc943746b275,2024-10-28 14:02:57,inventories,1,1,0,
625,ed239404-5d24-48d7-acc4-169f6e049d4d,2024-10-28 11:35:08,inventories,1,1,0,
623,ed239404-5d24-48d7-acc4-169f6e049d4d,2024-10-28 06:36:22,inventories,1,0,0,
622,67ea615f-f157-4409-85d3-ee2be51b1c3d,2024-10-25 05:25:14,inventories,1,1,0,
621,ed239404-5d24-48d7-acc4-169f6e049d4d,2024-10-25 05:25:02,inventories,1,1,0,
620,9b00f3af-70be-40a1-a347-fd614f1482c6,2024-10-25 05:24:48,inventories,1,1,0,
619,ae360ede-5c78-418e-a26f-448e725efd64,2024-10-23 12:27:05,inventories,1,1,0,
618,33a2db63-ffe9-457d-b08f-5de125f52bcf,2024-10-23 12:26:46,inventories,1,1,0,
617,fbfe6973-7704-4bb4-b998-6e6547c3609f,2024-10-23 12:26:32,inventories,1,1,0,
616,cc4f2cca-e56e-4eae-8ec4-a69087807eb5,2024-10-23 12:26:21,inventories,1,1,0,
615,8df8673a-78cf-4232-8d19-ea7b6a176421,2024-10-23 12:26:07,inventories,1,1,0,
614,67f6741d-ed0b-48b0-959d-cedbcc08b1e8,2024-10-23 12:17:01,inventories,1,1,0,
613,2f06db19-ccd3-461f-9d2d-995ac0948b47,2024-10-22 10:51:06,inventories,1,1,0,
612,9037682a-996a-4245-8e55-68a0095a5a57,2024-10-22 08:54:46,inventories,1,1,0,
611,d2c8a984-348a-4f2b-a96c-ae25352d643e,2024-10-22 08:54:33,inventories,1,1,0,
610,b85be595-84ca-4ce0-be2f-16cac8800aa6,2024-10-22 08:54:20,inventories,1,1,0,
609,35446524-b1d3-471c-8945-a2b020e212e7,2024-10-22 08:12:21,inventories,1,1,0,
608,7cfccb26-b951-4137-bbc5-32aecdf05233,2024-10-21 12:06:08,inventories,1,1,0,
607,51895fde-9495-445f-ad7d-f0695b45ff32,2024-10-21 11:26:34,inventories,1,1,0,
606,ed239404-5d24-48d7-acc4-169f6e049d4d,2024-10-21 09:16:11,inventories,1,1,0,
605,ed239404-5d24-48d7-acc4-169f6e049d4d,2024-10-21 07:07:10,inventories,1,1,0,
604,2b55c32c-9901-4ce7-a38e-5a4139839673,2024-10-21 06:53:53,inventories,1,1,0,
603,690d4c51-fd03-49d4-9393-592610f5b29b,2024-10-18 10:07:05,inventories,1,1,0,
602,ed239404-5d24-48d7-acc4-169f6e049d4d,2024-10-18 07:56:38,inventories,1,0,0,
601,51895fde-9495-445f-ad7d-f0695b45ff32,2024-10-18 07:51:34,inventories,1,1,0,
600,51895fde-9495-445f-ad7d-f0695b45ff32,2024-10-18 07:51:21,inventories,1,0,0,
599,f32de036-c21d-4fcb-a9ee-ec984760eed5,2024-10-18 07:24:07,inventories,1,1,0,
598,899d482f-66a2-4767-a07f-405d41f26236,2024-10-18 07:24:31,inventories,1,1,0,
597,d1a2eade-6a55-435f-a3e4-c4b98de44790,2024-10-18 05:10:41,inventories,1,1,0,
596,899d482f-66a2-4767-a07f-405d41f26236,2024-10-17 12:42:06,inventories,1,1,0,
594,67ea615f-f157-4409-85d3-ee2be51b1c3d,2024-10-17 05:12:32,inventories,1,1,0,
592,ad32b911-513f-4d86-8172-c0c70d81c2fa,2024-10-17 05:34:35,inventories,1,1,0,
591,51895fde-9495-445f-ad7d-f0695b45ff32,2024-10-17 05:34:08,inventories,1,1,0,
590,35446524-b1d3-471c-8945-a2b020e212e7,2024-10-16 11:54:38,inventories,1,0,0,
589,ad32b911-513f-4d86-8172-c0c70d81c2fa,2024-10-16 05:09:53,inventories,1,1,0,
588,782ef666-efe6-4fd1-9f9d-1e338b7b4657,2024-10-15 11:43:14,inventories,1,0,0,
587,c4da08c8-110a-4d61-a3b9-cda200b79ce0,2024-10-15 11:43:33,inventories,1,1,0,
586,d5250f4b-3c16-41d3-b5f8-8b16adf82883,2024-10-15 05:52:38,inventories,1,1,1,1
585,fda1e0fc-a485-49c3-b51b-985cc039aff2,2024-10-15 05:52:24,inventories,1,1,1,1
584,1dc8b963-423c-436a-bf1e-f6b883c9f460,2024-10-15 05:52:07,inventories,1,1,1,1
583,2e1d71c7-5858-41ca-93f3-5d2e52de62d4,2024-10-15 05:49:21,inventories,1,1,1,1
582,e9f46366-7bfb-4469-b52d-c087a7e621cd,2024-10-14 11:22:05,inventories,1,1,0,
581,9b00f3af-70be-40a1-a347-fd614f1482c6,2024-10-14 11:21:56,inventories,1,0,0,
580,46df08af-c130-4389-8545-f48d82489218,2024-10-14 11:21:43,inventories,1,1,0,
578,51895fde-9495-445f-ad7d-f0695b45ff32,2024-10-11 11:40:40,inventories,1,1,0,
577,ed239404-5d24-48d7-acc4-169f6e049d4d,2024-10-11 11:40:54,inventories,1,1,0,
576,67ea615f-f157-4409-85d3-ee2be51b1c3d,2024-10-11 06:27:44,inventories,1,1,0,
575,ed239404-5d24-48d7-acc4-169f6e049d4d,2024-10-11 06:28:13,inventories,1,1,0,
572,35446524-b1d3-471c-8945-a2b020e212e7,2024-10-11 05:27:48,inventories,1,1,0,
570,35446524-b1d3-471c-8945-a2b020e212e7,2024-10-10 12:45:40,inventories,1,1,0,
568,0038b2e0-5fd7-46b7-84e6-7a102a852975,2024-10-09 12:53:35,inventories,1,1,0,
567,409e9df1-77a2-42b1-93d6-c5fb70f09ad5,2024-12-30 10:22:29,inventories,1,0,0,
566,7fba26bf-c91a-4987-9b9c-d393a36498ae,2024-10-09 07:05:52,inventories,1,0,0,
565,ed239404-5d24-48d7-acc4-169f6e049d4d,2024-10-09 07:06:48,inventories,1,1,0,
564,ed239404-5d24-48d7-acc4-169f6e049d4d,2024-10-09 07:07:20,inventories,1,1,0,
563,ed239404-5d24-48d7-acc4-169f6e049d4d,2024-10-09 07:07:55,inventories,1,0,0,
562,ed239404-5d24-48d7-acc4-169f6e049d4d,2024-10-09 07:08:17,inventories,1,0,0,
558,94869ce0-1b91-45c6-a54c-98abb38f078b,2024-10-08 12:46:05,inventories,1,0,0,
557,ed239404-5d24-48d7-acc4-169f6e049d4d,2024-10-08 12:39:23,inventories,1,1,0,
555,ff250c81-6abb-46be-9d04-2e17666d387e,2024-10-07 07:01:29,inventories,1,1,0,
554,899d482f-66a2-4767-a07f-405d41f26236,2024-10-03 12:07:49,inventories,1,1,0,
553,68116874-de42-4267-9807-7ae2cd9395ef,2024-10-03 07:11:22,inventories,1,1,0,
552,ba688b7f-7b6d-4fe9-9238-54710ce81217,2024-10-03 06:03:42,inventories,1,1,0,
551,abeca3dd-f095-4119-8ce3-680a4f8fc517,2024-10-03 04:21:13,inventories,1,1,0,
550,35446524-b1d3-471c-8945-a2b020e212e7,2024-10-02 12:08:29,inventories,1,1,0,
549,ed239404-5d24-48d7-acc4-169f6e049d4d,2024-10-02 08:26:27,inventories,1,1,0,
548,0ae4b043-f0d7-44b4-84d4-0c3b7ec33672,2024-10-02 06:54:06,inventories,1,1,0,
544,35446524-b1d3-471c-8945-a2b020e212e7,2024-10-01 05:17:59,inventories,1,0,0,
543,00c5283b-d858-41c6-9465-3d933413dcb6,2024-09-26 04:57:51,inventories,1,1,0,
542,4d4f183a-3bdd-41ea-9f10-7947128a750b,2024-09-25 13:27:51,inventories,1,1,0,
541,35446524-b1d3-471c-8945-a2b020e212e7,2024-09-25 11:40:32,inventories,1,1,0,
538,94869ce0-1b91-45c6-a54c-98abb38f078b,2024-09-24 13:11:15,inventories,1,1,0,
536,62116874-de42-4267-9807-7ae2cd9395ef,2024-09-23 08:47:20,inventories,1,1,1,
534,62116874-de42-4267-9807-7ae2cd9395ef,2024-09-23 08:37:03,inventories,1,1,0,
530,d798dd44-d268-4d43-91a4-c72fdec96fb7,2024-09-20 13:11:22,inventories,1,1,0,
529,dbf18000-c32c-4807-941d-22053ef5fdc9,2024-09-20 08:26:55,inventories,1,1,0,
528,7fba26bf-c91a-4987-9b9c-d393a36498ae,2024-09-20 08:27:14,inventories,1,1,0,
527,d798dd44-d268-4d43-91a4-c72fdec96fb7,2024-09-20 08:27:30,inventories,1,1,0,
526,d798dd44-d268-4d43-91a4-c72fdec96fb7,2024-09-20 08:27:58,inventories,1,0,0,
525,7fba26bf-c91a-4987-9b9c-d393a36498ae,2024-09-20 08:28:07,inventories,1,1,0,
524,b89b0790-87a9-4905-84d0-311fc3ca7d96,2024-09-20 08:28:21,inventories,1,1,0,
520,9b00f3af-70be-40a1-a347-fd614f1482c6,2024-09-19 07:45:27,inventories,1,1,0,
519,0192d001-ad4f-443a-8f24-405ae0098f22,2024-09-17 09:16:25,inventories,1,1,1,3
518,62116874-de42-4267-9807-7ae2cd9395ef,2024-09-17 09:06:46,inventories,1,0,0,
517,67efaf78-fcbc-4a0a-bbdc-8cd6157ab139,2024-09-17 07:06:44,inventories,1,1,0,
516,9b00f3af-70be-40a1-a347-fd614f1482c6,2024-09-17 07:06:25,inventories,1,1,0,
515,6e9c8b49-347c-4d86-ba50-22a9665922aa,2024-09-17 06:37:15,inventories,1,1,0,
514,e57008e2-90ff-4cb8-9d5d-2cd577eb32e2,2024-09-17 06:37:43,inventories,1,1,0,
512,35446524-b1d3-471c-8945-a2b020e212e7,2024-09-17 06:38:33,inventories,1,1,0,
511,b89b0790-87a9-4905-84d0-311fc3ca7d96,2024-09-17 05:19:53,inventories,1,1,0,
507,95fed111-248d-42f7-a03a-622af48efee8,2024-09-16 05:57:08,inventories,1,0,0,
505,d2c8a984-348a-4f2b-a96c-ae25352d643e,2024-09-09 06:51:31,inventories,1,1,0,
504,d56214c2-0537-4647-bd27-cda27ff3b53c,2024-09-09 06:51:20,inventories,1,1,0,
503,54be0bde-9a6b-4023-8e6f-a439d62e385a,2024-09-09 06:51:08,inventories,1,1,0,
502,2f06db19-ccd3-461f-9d2d-995ac0948b47,2024-09-09 06:50:20,inventories,1,1,0,
501,eb414144-3c18-41ad-862f-347e975402a2,2024-09-09 06:30:45,inventories,1,0,0,
499,b59aebb0-97dc-449f-b614-8cdd10a17b10,2024-09-09 06:25:23,inventories,1,1,0,
498,b59aebb0-97dc-449f-b614-8cdd10a17b10,2024-09-09 06:25:31,inventories,1,1,0,
734,bec2a1d5-354b-4626-8236-8e8fd6bae825,2024-12-10 08:30:00,inventories,1,0,0,
