project_name,item_name,current_stock,amount,last_updated
0,04712SWAA91,1.0,40.5,2025-09-16 05:00:16
0,10mm Clear Temeperd Glass,3.67,102568.501969,2025-09-16 05:00:16
0,12V 1A Power Adapter,4.0,12521.7391304348,2025-09-16 05:00:16
0,16 GB (4 x 4 GB) LPDDR4x at 4267 MT/s RAM for Dell,1.0,6869.5652173913,2025-09-16 05:00:16
0,18W LED Panel Light Ceiling Down Lights Surface Mo,36.0,732520.8,2025-09-16 05:00:16
0,2'' small hand brush,1.0,86.95652173913,2025-09-16 05:00:16
0,2000 Liter Roto (Fiber glas Water tank Horizontal ,1.0,17717.391304348,2025-09-16 05:00:16
0,2091003A00 Serai Gasket  with Chassis Num MALAN51C,1.0,143.37,2025-09-16 05:00:16
0,2131003010 Oil Pump with Chassis Num MALAN51C9BM64,1.0,35.1,2025-09-16 05:00:16
0,2432103000 Timing Chain  with Chassis Num MALAN51C,1.0,45.1899,2025-09-16 05:00:16
0,2442003000 Tensioner Arm ASSY with Chassis Num MAL,1.0,38.0675,2025-09-16 05:00:16
0,2443103000 Chain Guide with Chassis Num MALAN51C9B,1.0,18.9675,2025-09-16 05:00:16
0,2443203000 GUIDE-CHAIN with Chassis Num MALAN51C9B,1.0,8.289,2025-09-16 05:00:16
0,2443303000 GUIDE-CHAIN with Chassis Num MALAN51C9B,1.0,9.45,2025-09-16 05:00:16
0,2510003010 Water Pump with Chassis Num MALAN51C9BM,1.0,48.0492,2025-09-16 05:00:16
0,281110X000 COVER-AIR CLEANER Chassis Num MALAM51BB,1.0,14.1075,2025-09-16 05:00:16
0,2ft Twin 18w Fluorescent Fitting with Tubes,25.0,63043.75,2025-09-16 05:00:16
0,3 Angle emergency,9.0,36450.0,2025-09-16 05:00:16
0,"3-cell, 31 WH Li-ion battery for HP Pavilion 15-au",1.0,3391.3043478261,2025-09-16 05:00:16
0,"3-cell, 41 Wh Li-ion battery for HP Pavilion x360 ",1.0,3739.1304347826,2025-09-16 05:00:16
0,"34Wh HT03XL recharchable Li-ion Battery, 3000mAh r",1.0,4000.0,2025-09-16 05:00:16
0,3D letter sinage Central ethipoia regional state,1.0,8500.0,2025-09-16 05:00:16
0,3D logo 1,1.0,13500.0,2025-09-16 05:00:16
0,3D logo 2,1.0,14400.0,2025-09-16 05:00:16
0,3D logo MINT,3.0,18478.2608695652,2025-09-16 05:00:16
0,3D logo MOUI,1.0,12300.0,2025-09-16 05:00:16
0,4565002400,1.0,59.4,2025-09-16 05:00:16
0,4630823000  HARNESS Chassis Num MALAN51CXEM521400 ,1.0,76.4829,2025-09-16 05:00:16
0,"4Wh HT03XL recharchable Li-ion Battery, 3000mAh re",1.0,4000.0,2025-09-16 05:00:16
0,50 Furring channel Iron sheet metal type:50x19x300,240.0,30052224.0,2025-09-16 05:00:16
0,50W Flood light for outdoor,9.0,56347.92,2025-09-16 05:00:16
0,583050XA00,2.0,232.2,2025-09-16 05:00:16
0,6 Meter RHS,13.0,83060.805652176,2025-09-16 05:00:16
0,6 Meter RHS-,2.0,5913.0434782608,2025-09-16 05:00:16
0,65 W Smart AC power adapter for HP Pavilion x360 -,1.0,2608.6956521739,2025-09-16 05:00:16
0,7116224,16.0,4128.0,2025-09-16 05:00:16
0,7600483,1.0,42386.976,2025-09-16 05:00:16
0,7604269,16.0,24048.0,2025-09-16 05:00:16
0,7605300,1.0,0.0,2025-09-16 05:00:16
0,7605314,1.0,28637.816,2025-09-16 05:00:16
0,7606756,4.0,0.0,2025-09-16 05:00:16
0,7607075,16.0,0.0,2025-09-16 05:00:16
0,76806SMAJ02,1.0,17.55,2025-09-16 05:00:16
0,79714 Honda CRV   Bridgestone Tire 225/65 R17 102H,4.0,289391.304347828,2025-09-16 05:00:16
0,8 GB DDR3 RAM for HP EliteBook 840 G1,1.0,2826.0869565217,2025-09-16 05:00:16
0,8 GB DDR4-2666 MHz RAM (1 x 8 GB) Transfer rates u,3.0,9460.8695652175,2025-09-16 05:00:16
0,8 GB DDR4-2666 SDRAM (1 x 8 GB)(RAM) for HP Pavili,1.0,3304.347826087,2025-09-16 05:00:16
0,8 GB DDR4-3200 MHz RAM (1 x 8 GB) Transfer rates u,1.0,3304.347826087,2025-09-16 05:00:16
0,8 GB DDR4-3200 MT/s SDRAM (1x8GB) 16 for HP EliteB,2.0,5852.1739130435,2025-09-16 05:00:16
0,8*8 Scatola with Socket,5.0,5000.0,2025-09-16 05:00:16
0,868200X200,16.0,1641.6,2025-09-16 05:00:16
0,90 degree Fermo  Black color,10.0,58500.0,2025-09-16 05:00:16
0,A 3 Paper (Double A),2.0,6608.695652174,2025-09-16 05:00:16
0,A-FLEX-3,1.0,0.0,2025-09-16 05:00:16
0,A-FLEX-ENH-CUBE,100.0,109060.0,2025-09-16 05:00:16
0,A-FLEX-EXPWY-DSK-S,100.0,0.0,2025-09-16 05:00:16
0,A-FLEX-FILESTG-ENT,40000.0,0.0,2025-09-16 05:00:16
0,A-FLEX-MSG-NU-ENT,100.0,0.0,2025-09-16 05:00:16
0,A-FLEX-NUPL-P,100.0,209160.0,2025-09-16 05:00:16
0,A-FLEX-P-ER,900.0,0.0,2025-09-16 05:00:16
0,A-FLEX-P-PRO,100.0,0.0,2025-09-16 05:00:16
0,A-FLEX-P-UCXN,100.0,0.0,2025-09-16 05:00:16
0,A-FLEX-PROPACK-ENT,100.0,0.0,2025-09-16 05:00:16
0,A-FLEX-SRST-E,400.0,0.0,2025-09-16 05:00:16
0,A-FLEX-SW-14-K9,1.0,0.0,2025-09-16 05:00:16
0,A2219057100 GERMANY brand Wheel Speed Sensor,1.0,49.0,2025-09-16 05:00:16
0,A3 Envelope,9900.0,10765173.913043186,2025-09-16 05:00:16
0,A4 Envelope,200.0,313043.47826086,2025-09-16 05:00:16
0,A4 certification paper,1.0,826.08695652174,2025-09-16 05:00:16
0,A4 enveloper,9.0,11621.7391304349,2025-09-16 05:00:16
0,A4 hard paper 180G for certification purchase,1.0,826.08695652174,2025-09-16 05:00:16
0,A4 hard paper 250 G,3.0,7434.782608695601,2025-09-16 05:00:16
0,A4 paper,50.0,2347825.0,2025-09-16 05:00:16
0,"A4 trifold,  150g paper",50.0,104347.826086955,2025-09-16 05:00:16
0,"A5 trifold,  150g paper",50.0,104347.826086955,2025-09-16 05:00:16
0,AAU- AAiT Fiber path Manhol Labling  from 01 -23 2,23.0,155526.0,2025-09-16 05:00:16
0,ABRO(radiator coolant ) 3.785 litter,3.0,11739.130434782699,2025-09-16 05:00:16
0,AC  circuit braeker,5.0,6425.0,2025-09-16 05:00:16
0,AC Gauge purchase,1.0,21500.0,2025-09-16 05:00:16
0,"AC stastic EEU  meter 3phase 4 wire 3*240,100A",1.0,5652.13,2025-09-16 05:00:16
0,ACS-4460-FANASSY,1.0,0.0,2025-09-16 05:00:16
0,ANC6A-URJ45,1.0,43.9,2025-09-16 05:00:16
0,ANC6ASPGY-1MT-LSZH,2500.0,490000.0,2025-09-16 05:00:16
0,ANC6UPKJTLS-180,6400.0,1402880.0,2025-09-16 05:00:16
0,ANC6UPP-24-BL,9.0,396.90000000000003,2025-09-16 05:00:16
0,ANPC-OM3-LC-LC-DP-100MT,9.0,555.66,2025-09-16 05:00:16
0,ANPC-OM3-LC-LC-DP-50MT,64.0,22579.2,2025-09-16 05:00:16
0,ATS 100A ATS,1.0,510.0,2025-09-16 05:00:16
0,"Abadi Aregawi- 3-cell, 41 Wh Li-ion battery for HP",1.0,5913.0434782609,2025-09-16 05:00:16
0,Adapter,16.0,55651.84,2025-09-16 05:00:16
0,Addisu Aynayehu titeer purchas,1.0,521.73913043478,2025-09-16 05:00:16
0,Agrigate 02(Teter),4.0,14608.695652174,2025-09-16 05:00:16
0,"Ahmed Oumer - 3-cell, 41 Wh Li-ion battery for HP ",2.0,8347.8260869566,2025-09-16 05:00:16
0,"Ahmed Oumer, Surafel Mohammed and Mebratu Tadesse ",3.0,29739.130434782703,2025-09-16 05:00:16
0,Air Cleaner,1.0,2800.0,2025-09-16 05:00:16
0,Alkaline battery  AA LR6 1.5V,16.0,12244.48,2025-09-16 05:00:16
0,Alkaline battery for Tempared glass access control,12.0,12521.7391304352,2025-09-16 05:00:16
0,Almunim profile L black color,25.0,462150.0,2025-09-16 05:00:16
0,Almuniuim  Profil 3M,24.0,902000.0,2025-09-16 05:00:16
0,Amare Misganie AC Charger for hp probook 440 G3,1.0,2782.6086956522,2025-09-16 05:00:16
0,Anchor bolt,44.0,58921.739130434406,2025-09-16 05:00:16
0,Anco bolt,16.0,17809.92,2025-09-16 05:00:16
0,Ancor bolt 10mm,16.0,11130.43478260864,2025-09-16 05:00:16
0,Angle Valve half inch,144.0,450782.60869565274,2025-09-16 05:00:16
0,Angle iron,1.0,2434.7826086957,2025-09-16 05:00:16
0,Anti rust gray,1.0,521.73913043478,2025-09-16 05:00:16
0,Anti rust paint gray,2.0,3217.3913043478,2025-09-16 05:00:16
0,Atakini(flexible hose and T-valve ),9.0,10752.2123893803,2025-09-16 05:00:16
0,Atakinin,3.0,1956.52173913044,2025-09-16 05:00:16
0,Audio cable,4.0,67478.260869564,2025-09-16 05:00:16
0,Automatic Transmission Fluid (ATF) T-IV 97714 Hond,1.0,6000.0,2025-09-16 05:00:16
0,BIG L Pach,2.0,5172.72,2025-09-16 05:00:16
0,BIG Puncher,2.0,4869.56,2025-09-16 05:00:16
0,"Backdrop design 1, 4mX 2.5m",1.0,9000.0,2025-09-16 05:00:16
0,Badge lanyard,100.0,2150000.0,2025-09-16 05:00:16
0,Balck Screw,9.0,13986.0,2025-09-16 05:00:16
0,Battery for HP Laptop 15-bs0xx,1.0,3565.2173913043,2025-09-16 05:00:16
0,Battery for HP Notebook,1.0,3565.2173913043,2025-09-16 05:00:16
0,Battery for Toshiba Satelite C55-C,1.0,3565.2173913043,2025-09-16 05:00:16
0,Battry 1.5V,15.0,18000.0,2025-09-16 05:00:16
0,Battry 9V,8.0,14080.0,2025-09-16 05:00:16
0,Battry X-Pro 45AH,1.0,7391.3043478261,2025-09-16 05:00:16
0,Bed 1.50,1.0,17000.0,2025-09-16 05:00:16
0,Betelehem Fiseha Battery for toshiba Satellite L55,1.0,4086.9565217391,2025-09-16 05:00:16
0,Big Mefas,1.0,304.34782608696,2025-09-16 05:00:16
0,Bin card,200.0,521739.13043478,2025-09-16 05:00:16
0,Binyam Tekle titeer purchas,1.0,521.73913043478,2025-09-16 05:00:16
0,Black Paint,6.0,53217.3913043478,2025-09-16 05:00:16
0,Black spray,2.0,765.21739130434,2025-09-16 05:00:16
0,Bleech 5L,7.0,7791.234782608801,2025-09-16 05:00:16
0,Bleech 5L purchase,2.0,1165.2,2025-09-16 05:00:16
0,Blocket        Size 20cm,100.0,182608.69565217,2025-09-16 05:00:16
0,Blocket Size 10cm,200.0,1391304.3478260802,2025-09-16 05:00:16
0,Boiler HD9350,4.0,272.0,2025-09-16 05:00:16
0,Both side Key,2.0,6279.18,2025-09-16 05:00:16
0,Bottom Patch,2.0,3324.92,2025-09-16 05:00:16
0,Box File,3710.0,44376521.73913044,2025-09-16 05:00:16
0,Box file purchas,50.0,467400.0,2025-09-16 05:00:16
0,Brake Pad Front,1.0,6500.0,2025-09-16 05:00:16
0,Braker- C50A,4.0,2560.0,2025-09-16 05:00:16
0,Braker-C 32A,1.0,243.47,2025-09-16 05:00:16
0,Braker-C16A,64.0,124656.64,2025-09-16 05:00:16
0,Branch Office 1.5 Meter Printer USB Cable,9.0,8100.0,2025-09-16 05:00:16
0,Branch Office 2 Meter UPS Power Cable,9.0,16200.0,2025-09-16 05:00:16
0,Breaker  16 A single phase,5.0,6955.75,2025-09-16 05:00:16
0,Breaker  16A,3.0,2504.34,2025-09-16 05:00:16
0,Breaker 160 A,1.0,6339.13,2025-09-16 05:00:16
0,Breaker 16A,1.0,217.39130434783,2025-09-16 05:00:16
0,Breakers,4.0,762.48,2025-09-16 05:00:16
0,Breker for access control  and kitchen,10.0,22600.0,2025-09-16 05:00:16
0,Brush,1.0,391.30434782609,2025-09-16 05:00:16
0,Burish,2.0,278.26086956522,2025-09-16 05:00:16
0,Burish 4mm,3.0,782.60869565217,2025-09-16 05:00:16
0,Burish Meto aleka,3.0,3913.043478261,2025-09-16 05:00:16
0,Bus Front sticker,1.0,800.0,2025-09-16 05:00:16
0,C - Clamp,200.0,521720.0,2025-09-16 05:00:16
0,C Clamp,20.0,6260.8695652174,2025-09-16 05:00:16
0,C clamp,28.0,68173.91304347961,2025-09-16 05:00:16
0,C-Clamp,250.0,815217.39130435,2025-09-16 05:00:16
0,"C-Clamp  1""  C-Clamp",1000000.0,13040000000.0,2025-09-16 05:00:16
0,C-Clamp 19mm plastic C-clamp,20.0,138784.0,2025-09-16 05:00:16
0,C-clamp,1512.0,34432200.0,2025-09-16 05:00:16
0,"C-clamp 1""",80.0,60000.0,2025-09-16 05:00:16
0,C-clamp 1'',100.0,170000.0,2025-09-16 05:00:16
0,C-clamp 19MM,300.0,900000.0,2025-09-16 05:00:16
0,C-clamp 32mm,50.0,32608.695652174,2025-09-16 05:00:16
0,C-clamp 50mm,40.0,12521.7391304348,2025-09-16 05:00:16
0,C-clamp25mm,20.0,2610.0,2025-09-16 05:00:16
0,C14 Power Cable,16.0,86817.3913043472,2025-09-16 05:00:16
0,C9300X-24HX-M,1.0,3212.92,2025-09-16 05:00:16
0,C9300X-NM-8Y-M,1.0,631.72,2025-09-16 05:00:16
0,CAB-C13-C14-2M,1.0,0.0,2025-09-16 05:00:16
0,CMOS Battery,100.0,82608.69565217402,2025-09-16 05:00:16
0,CON-SNT-ISR44619,1.0,2569.25,2025-09-16 05:00:16
0,CON-SNT-P8XK96X7,100.0,29240.0,2025-09-16 05:00:16
0,COVER-ENGINE UNDER RH  with car plate no (21141),1.0,4000.0,2025-09-16 05:00:16
0,CP-8861-K9=,100.0,181940.0,2025-09-16 05:00:16
0,CP-PWR-CORD-CE=,100.0,7200.0,2025-09-16 05:00:16
0,Cabel lug,10.0,38261.0,2025-09-16 05:00:16
0,Cabel tie,1.0,347.82,2025-09-16 05:00:16
0,Cable Manager,8.0,89043.478260872,2025-09-16 05:00:16
0,Cable lug,6.0,6104.5199999999995,2025-09-16 05:00:16
0,Cable lug #25,40.0,80000.0,2025-09-16 05:00:16
0,Cable lug #35,20.0,26000.0,2025-09-16 05:00:16
0,Cable lug #70,1600.0,5760000.0,2025-09-16 05:00:16
0,Cable tie,15.0,51078.25,2025-09-16 05:00:16
0,Cafteria  Table,200.0,80000.0,2025-09-16 05:00:16
0,Cafteria  light,361.0,571423.2900000002,2025-09-16 05:00:16
0,Cafteria  window curtainn,9.0,6804.0,2025-09-16 05:00:16
0,Cafteria Chair,3200.0,10880000.0,2025-09-16 05:00:16
0,Café Cap,4.0,556.52173913044,2025-09-16 05:00:16
0,Café uniform Dress with coat,1.0,4347.8260869565,2025-09-16 05:00:16
0,Café uniform Dress with shirt,1.0,1565.2173913043,2025-09-16 05:00:16
0,Caliper Bolt,1.0,4000.0,2025-09-16 05:00:16
0,Car Paint  TR 050,13.0,440869.56521739304,2025-09-16 05:00:16
0,Cat 6A Utp cable  As per the sample   (G link Bran,3249.0,5233715217.391334,2025-09-16 05:00:16
0,Ceiling Down Light,2.0,9338.72,2025-09-16 05:00:16
0,Ceiling Hook,1.0,608.69565217391,2025-09-16 05:00:16
0,Ceiling Hook 6mm 1packet-144 pcs,12.0,52416.0,2025-09-16 05:00:16
0,Ceiling L angle hanger wire,40.0,392000.0,2025-09-16 05:00:16
0,Cement,31.0,377130.434782602,2025-09-16 05:00:16
0,Ceramic 20*30,6.0,5112.93913043478,2025-09-16 05:00:16
0,Ceramic 30*30,19.0,345303.72000000003,2025-09-16 05:00:16
0,Ceramic Mug,5.0,11250.0,2025-09-16 05:00:16
0,Chair Wear for BYD  cars,7.0,759500.0,2025-09-16 05:00:16
0,Chair Wear for Isuzu,1.0,18000.0,2025-09-16 05:00:16
0,Chair Wear for pick up cars,2.0,62000.0,2025-09-16 05:00:16
0,Chargeable punta,4.0,2086.95652173912,2025-09-16 05:00:16
0,Charger for Mac book 16.5V -3.65 A,1.0,3304.347826087,2025-09-16 05:00:16
0,Charger for Toshiba Tecra R840 laptop--- Bethelhem,1.0,2173.9130434783,2025-09-16 05:00:16
0,Cifone,12.0,40695.6521739132,2025-09-16 05:00:16
0,Circuit breaker  C16/1p,8.0,16139.52,2025-09-16 05:00:16
0,Circuit breaker C40 /1p,10.0,25218.0,2025-09-16 05:00:16
0,Circuit breaker C63 /3p,3.0,8608.6956521739,2025-09-16 05:00:16
0,Clamp,22500.0,44020125.0,2025-09-16 05:00:16
0,Class Room  Table,338.0,681070.0,2025-09-16 05:00:16
0,Class Room Chair,9800.0,17150000.0,2025-09-16 05:00:16
0,Class room light,144.0,406494.72,2025-09-16 05:00:16
0,Cloth American safty cloth,24.0,1149120.0,2025-09-16 05:00:16
0,Clothes Iron,1.0,5652.17,2025-09-16 05:00:16
0,Clutch Cover,1.0,1.0,2025-09-16 05:00:16
0,Clutch disc,1.0,1.0,2025-09-16 05:00:16
0,Concrete nail 6,2.0,608.69565217392,2025-09-16 05:00:16
0,Concrit punta 10,1.0,304.34782608696,2025-09-16 05:00:16
0,Concrit punta 6,3.0,1173.91304347827,2025-09-16 05:00:16
0,Conduit (regide),30.0,43200.0,2025-09-16 05:00:16
0,Conduit 19 mm 3 meter length conduit,400.0,7374400.0,2025-09-16 05:00:16
0,Cooridor Light,36.0,15878.160000000002,2025-09-16 05:00:16
0,Copper pipe,2.0,10434.7826086956,2025-09-16 05:00:16
0,"Copper pipe insullation 1/4"" insullation (1.8m)",6.0,10956.5217391302,2025-09-16 05:00:16
0,"Copper pipe insullation 5/8"" insullation (1.8m)",6.0,18782.6086956522,2025-09-16 05:00:16
0,Core Value Measuring A1 paper 841 x 594 mm (33.1 x,2.0,1600.0,2025-09-16 05:00:16
0,Cover Engine under LH,1.0,4000.0,2025-09-16 05:00:16
0,Cover Engine under RH,1.0,4000.0,2025-09-16 05:00:16
0,Curtain,2.54,33660.52173912922,2025-09-16 05:00:16
0,Dado 17mm,50.0,21739.130434782503,2025-09-16 05:00:16
0,Dash Bord Oil,8.0,51200.0,2025-09-16 05:00:16
0,Dash board oil,3.0,10800.0,2025-09-16 05:00:16
0,Dawit Alemseged - 8 GB DDR3 RAM for HP EliteBook F,1.0,3391.3043478261,2025-09-16 05:00:16
0,Dawit Alemseged HP 19.5V 3.33A 65W Replacement AC ,1.0,2800.0,2025-09-16 05:00:16
0,Deformed re bar,6.0,34434.7826086956,2025-09-16 05:00:16
0,Detol,100.0,126086.95652174001,2025-09-16 05:00:16
0,Detoll,20.0,73044.0,2025-09-16 05:00:16
0,Detoll purchase,15.0,27000.0,2025-09-16 05:00:16
0,"Dimmer
Switch",3.0,441.09000000000003,2025-09-16 05:00:16
0,Dimmer Switch,2304.0,7527997.44,2025-09-16 05:00:16
0,Disc 125mm,9.0,5634.78260869566,2025-09-16 05:00:16
0,Disc 180mm,2.0,521.73913043478,2025-09-16 05:00:16
0,Dish soap 5l purchase,2.0,1895.64,2025-09-16 05:00:16
0,Dish wash  5 L,1.0,400.0,2025-09-16 05:00:16
0,Dish wash 5L,2.0,1982.60869565218,2025-09-16 05:00:16
0,Disk,5.0,1521.7391304348002,2025-09-16 05:00:16
0,Dog skin,5.0,17391.304347826,2025-09-16 05:00:16
0,Door accessories,1.0,13913.04,2025-09-16 05:00:16
0,Drill bit total brand,25.0,41304.347826087505,2025-09-16 05:00:16
0,Drill punta 6mm,12.0,4695.65217391308,2025-09-16 05:00:16
0,Duable gang switch,36.0,0.0,2025-09-16 05:00:16
0,Dulentiy Thiner,10.0,24347.826086957,2025-09-16 05:00:16
0,Duster Deil 7834,25.0,375.0,2025-09-16 05:00:16
0,EZVIZ TY2 Full HD 1080 Wireless camera,4.0,104347.826086956,2025-09-16 05:00:16
0,Earthing Road 1.2mtrs,1.0,739.13,2025-09-16 05:00:16
0,Earthing rod 1.2 M,1.0,852.18,2025-09-16 05:00:16
0,Earthing rod1.2m,1.0,852.18,2025-09-16 05:00:16
0,Edge L angle frame plastic L angle for edge chacki,746496.0,140210581340.16003,2025-09-16 05:00:16
0,Ega sheet,39.0,1216800.0,2025-09-16 05:00:16
0,Elbo 1',10.0,4347.8260869565,2025-09-16 05:00:16
0,Elbo 110,2.0,626.08695652174,2025-09-16 05:00:16
0,Elbow,173.0,1413562.1739130435,2025-09-16 05:00:16
0,Electric Lastro,45.0,140869.5652173915,2025-09-16 05:00:16
0,Electric Wire 2.5mm,4.0,26434.7826086956,2025-09-16 05:00:16
0,Electrod,2.0,4521.7391304348,2025-09-16 05:00:16
0,Electrode,1.0,652.17391304348,2025-09-16 05:00:16
0,Electrode 2.5,4.0,5565.2173913044,2025-09-16 05:00:16
0,Electrode 2.5m,2.0,2086.9565217392,2025-09-16 05:00:16
0,Elshaday Bimrew 45W AC Charger for HP 250 G8 Noteb,1.0,2782.6086956522,2025-09-16 05:00:16
0,Energizer Car battry 12V 45AH  for Toyota Paso 067,1.0,14374.82,2025-09-16 05:00:16
0,Engine oil 15W-40  4litter,3.0,20700.0,2025-09-16 05:00:16
0,Engine oil 15W-40 4 litter,3.0,20700.0,2025-09-16 05:00:16
0,Espresso Coffeemaker GCM6103,1.0,25.0,2025-09-16 05:00:16
0,Estifanos Alemseged,3.0,6782.6086956522,2025-09-16 05:00:16
0,Estiko,3.0,5478.2608695651,2025-09-16 05:00:16
0,Ethio Telecom,841.0,1802658.2699999993,2025-09-16 05:00:16
0,Eye Glassk,38.0,158118.0,2025-09-16 05:00:16
0,Fasheta 3/4,4.0,336.0,2025-09-16 05:00:16
0,Fashita 250mm,3.0,2347.82608695651,2025-09-16 05:00:16
0,Fashita 300mm,3.0,2739.13043478261,2025-09-16 05:00:16
0,Fashita 400mm,3.0,3130.4347826088,2025-09-16 05:00:16
0,Fasika Woldeluel 65W AC Charger for HP 12th Gen In,1.0,2782.6086956522,2025-09-16 05:00:16
0,Fermo 90,28.0,630560.0,2025-09-16 05:00:16
0,Feven Missaw,3.0,7826.0869565217,2025-09-16 05:00:16
0,Fiber Patch Cable,12852.0,16984416.959999997,2025-09-16 05:00:16
0,Fiber adaptor,120.0,3756521.73913044,2025-09-16 05:00:16
0,Fikirte Kibru titeer purchas,1.0,521.73913043478,2025-09-16 05:00:16
0,Fikirte Mekonnen titeer purchas,1.0,521.73913043478,2025-09-16 05:00:16
0,Filler,6.0,6034.7826086955,2025-09-16 05:00:16
0,Finder piler,4.0,6956.5217391304,2025-09-16 05:00:16
0,Fire extingusher,2.0,4000.0,2025-09-16 05:00:16
0,Firetingusher,9.0,52650.0,2025-09-16 05:00:16
0,First Aid Kit,49.0,164043.18,2025-09-16 05:00:16
0,Fisher,64.0,66233.65478260937,2025-09-16 05:00:16
0,Fisher  8MM,2304.0,11540034.782608666,2025-09-16 05:00:16
0,Fisher 6.,1225.0,3355397.5,2025-09-16 05:00:16
0,Fisher 6mm,14.0,2400.00913043475,2025-09-16 05:00:16
0,Fisher 6mm for ceiling hook,24.0,45078.2608695648,2025-09-16 05:00:16
0,Flat piato 15x2mm,1.0,434.78260869565,2025-09-16 05:00:16
0,Flexable Condiut,32.0,277500.0,2025-09-16 05:00:16
0,Flexible conduit 16mm 1pcs-3m,9.0,1972.3500000000001,2025-09-16 05:00:16
0,Floor socket double pin,10.0,773913.0,2025-09-16 05:00:16
0,Floor socket single pin,3.0,36000.0,2025-09-16 05:00:16
0,Fluid,5.0,9000.0,2025-09-16 05:00:16
0,Foam,13.0,12495.652173913,2025-09-16 05:00:16
0,Foam spray,2.0,2880.0,2025-09-16 05:00:16
0,Foldable Downlights,3.0,208.26,2025-09-16 05:00:16
0,Fom 1.50,1.0,10000.0,2025-09-16 05:00:16
0,For H- Hyundai 68082- AC Filter,2.0,4780.0,2025-09-16 05:00:16
0,For H- Hyundai 68082- Air Cleaner,2.0,3400.0,2025-09-16 05:00:16
0,For H- Hyundai 68082-Oil Filter,5.0,2500.0,2025-09-16 05:00:16
0,For H- Hyundai 68082-Spark Plug,1.0,1913.04,2025-09-16 05:00:16
0,For Hyundai i10s MALAN51CXEM521400 CV-Air Cleaner,1.0,1982.61,2025-09-16 05:00:16
0,For Hyundai i10s MALAN51CXEM521400 CV-Air water pu,1.0,11000.0,2025-09-16 05:00:16
0,For Hyundai i10s MALAN51CXEM521400 CV-Gasket,1.0,6469.57,2025-09-16 05:00:16
0,Foton bus 33 seat,1.0,4173913.043,2025-09-16 05:00:16
0,Frame Gypsum,20.0,80000.0,2025-09-16 05:00:16
0,Fuel filter,3.0,3700.0,2025-09-16 05:00:16
0,Fuel filter Fleet guard FF 5327,1.0,1380.0,2025-09-16 05:00:16
0,Fuel filter Fleet guard FS 1280,1.0,1200.0,2025-09-16 05:00:16
0,Fuel filter Fleet guard FS 5052,1.0,700.0,2025-09-16 05:00:16
0,Fuse holder  32 A,5.0,58478.25,2025-09-16 05:00:16
0,GUARD ASSY-FR WHEEL RH with car plate no (21141),1.0,3000.0,2025-09-16 05:00:16
0,Gatedoor matt purchase,4.0,13746.08,2025-09-16 05:00:16
0,Gearbox support Front,2.0,22000.0,2025-09-16 05:00:16
0,Gearbox support side,1.0,5000.0,2025-09-16 05:00:16
0,"Gelila Tegegn 3-cell, 41 Wh Li-ion battery for HP ",1.0,6500.0,2025-09-16 05:00:16
0,Generator TC70L,1.0,8120.0,2025-09-16 05:00:16
0,Generator house Mesh 2x1 M,16.0,243200.0,2025-09-16 05:00:16
0,Glass door hydraulic accessory,80.0,3166720.0,2025-09-16 05:00:16
0,Glove,228.0,1533528.0,2025-09-16 05:00:16
0,Golden Screw,3.0,4304.3478260871,2025-09-16 05:00:16
0,Golden screw,3.0,1565.21739130434,2025-09-16 05:00:16
0,Golden screw 6mm,2.0,1043.47826086956,2025-09-16 05:00:16
0,Golden screw 8MM,2304.0,57700173.913044475,2025-09-16 05:00:16
0,Grandy Perfum,1.0,500.0,2025-09-16 05:00:16
0,Gravel 02 Gravel (Aggregate ),2.5,15217.39130434775,2025-09-16 05:00:16
0,Grinder Disk cutting disc,3.0,547.82608695651,2025-09-16 05:00:16
0,Guard ASSY front wheel LH,1.0,2000.0,2025-09-16 05:00:16
0,Guard ASSY front wheel RH,1.0,2000.0,2025-09-16 05:00:16
0,Guest Chair,81.0,49572.0,2025-09-16 05:00:16
0,Guroro Conduit,3.0,453.91304347827,2025-09-16 05:00:16
0,Guroro Conduite,1350.0,83763675.0,2025-09-16 05:00:16
0,Guroro conduit,3.0,8500.0,2025-09-16 05:00:16
0,"Guroro conduit  for AC hose 1/2"" guroro conduit",14400.0,24036480.0,2025-09-16 05:00:16
0,"Guroro conduit 1"" mm guroro conduite",400.0,5008000.0,2025-09-16 05:00:16
0,Guroro conduite,2.0,2640.0,2025-09-16 05:00:16
0,"Guroro conduite 1/2""",12.0,3506.08695652176,2025-09-16 05:00:16
0,Gust Chair,81.0,49572.0,2025-09-16 05:00:16
0,Gypsum,70.0,1491304.34782609,2025-09-16 05:00:16
0,Gypsum Block,570.0,64208715.6521754,2025-09-16 05:00:16
0,Gypsum Board,27.0,485999.9999999958,2025-09-16 05:00:16
0,Gypsum Board  1.22x2.44 china board with 10mm thic,10.0,121739.13043478,2025-09-16 05:00:16
0,Gypsum board,15.0,283695.652173915,2025-09-16 05:00:16
0,Gypsum screw,3.0,4695.6521739129,2025-09-16 05:00:16
0,Gysum board 1200x2400x9mm Gypsum board,9741.6,1250315266.464,2025-09-16 05:00:16
0,HCB 10MM,285.0,2472065.2173913154,2025-09-16 05:00:16
0,HCB 20mm,200.0,831521.73913044,2025-09-16 05:00:16
0,HDMI CABLE 20Meter,289.0,10680434.78260857,2025-09-16 05:00:16
0,HDMI cable,4.0,33391.304347826,2025-09-16 05:00:16
0,"HP 151A Black LaserJet Toner Cartridge , HP Origin",10.0,9780.0,2025-09-16 05:00:16
0,HP 24'' Moinitor,7.0,1619130.43478263,2025-09-16 05:00:16
0,HP 4-cell 41Whr Battery(R-41015938) for HP 250 G5 ,1.0,3043.4782608696,2025-09-16 05:00:16
0,HP Color Laser Jet  Pro MFP M283 fdw Toner,2.0,216417.39130434,2025-09-16 05:00:16
0,HP Smart 45 W External AC power adapter for HP 250,38.0,566643.4782608696,2025-09-16 05:00:16
0,HP Smart 45 W External AC power adapter(Charger) f,4.0,8000.0,2025-09-16 05:00:16
0,HQ office LED light Power supply/ballast Brand: K-,1.0,6956.5217391304,2025-09-16 05:00:16
0,HQ office Support  SC to LC fiber patch cord(MM) w,1.0,2000.0,2025-09-16 05:00:16
0,HQ office Support SC to LC fiber patch cord(SM) 3M,1.0,2173.9130434783,2025-09-16 05:00:16
0,Habtamu Yeshamble,3.0,9130.4347826088,2025-09-16 05:00:16
0,Hand Washer mixer,6.0,75130.43478261,2025-09-16 05:00:16
0,Hand soap,74.0,162247.2391304362,2025-09-16 05:00:16
0,Hand soap purchase,15.0,20250.0,2025-09-16 05:00:16
0,Havy duty puncher,6.0,18782.6086956522,2025-09-16 05:00:16
0,Hawi Hunde 45W AC Charger for HP 250 G8 NoteBook P,1.0,2800.0,2025-09-16 05:00:16
0,Head phone Sterio,6.0,140869.56521739002,2025-09-16 05:00:16
0,Helmet Cap blublack,82.0,3392258.0,2025-09-16 05:00:16
0,High Back Blue color Mesh chair,64.0,6912000.0,2025-09-16 05:00:16
0,High tenstion Nastro,9.0,25650.0,2025-09-16 05:00:16
0,Hinge,110.0,28695.652173912906,2025-09-16 05:00:16
0,Hook,60.0,25043.4782608698,2025-09-16 05:00:16
0,Horizontal Curtain with total 57m2 for eigth windo,49.33,12696255.130434867,2025-09-16 05:00:16
0,Hydrolic hose,2.0,15200.0,2025-09-16 05:00:16
0,Hyundai H-1  Air Suspension Flange RHS,1.0,12000.0,2025-09-16 05:00:16
0,Hyundai H-1  Plate no  A21783 Air Cleaner purchase,1.0,9000.0,2025-09-16 05:00:16
0,Hyundai H-1  Stabilizer Link LHS and RHS,4.0,48000.0,2025-09-16 05:00:16
0,Hyundai H-1 Plate no  A21783 Front Brake Pad  purc,1.0,20000.0,2025-09-16 05:00:16
0,Hyundai i10s   Brake Pad front,1.0,6000.0,2025-09-16 05:00:16
0,Hyundai i10s   FUSE-BLADE 100A,1.0,1707.75,2025-09-16 05:00:16
0,Hyundai i10s  Oil Filter,1.0,500.0,2025-09-16 05:00:16
0,Hyundai i10s 21140  SENSOR ASSY - OUTPUT SPEED,1.0,10869.57,2025-09-16 05:00:16
0,Hyundai i10s 21140-,4.0,12000.0,2025-09-16 05:00:16
0,Hyundai i10s 68062 Bridgestone 175/70 R13,2.0,41739.130434782,2025-09-16 05:00:16
0,Hyundai i10s 68082  Bridgestone 175/70 R13,4.0,166956.521739132,2025-09-16 05:00:16
0,Hyundai i10s 68651 RB 70 AH Sealed battry   on Oct,1.0,11739.130434783,2025-09-16 05:00:16
0,ID card holder,100.0,304347.82608696,2025-09-16 05:00:16
0,IE,33.0,143217.3913043487,2025-09-16 05:00:16
0,IE  sales stamp titeer purchas,2.0,2086.9565217392,2025-09-16 05:00:16
0,ISDN Modem SHDTUB03-E1-AD,1.0,120000.0,2025-09-16 05:00:16
0,ISR4461/K9,1.0,7008.16,2025-09-16 05:00:16
0,Imported from China made Shelf  Dixson shelf WXLXH,225.0,26413043.47826175,2025-09-16 05:00:16
0,Ink stamp,20.0,15600.0,2025-09-16 05:00:16
0,Jucntion box,6.0,469.56521739130204,2025-09-16 05:00:16
0,Juice mexser,1.0,8491.3043478261,2025-09-16 05:00:16
0,Junction Box  10*15,15.0,58695.6521739135,2025-09-16 05:00:16
0,Junction box,180.0,5508000.0,2025-09-16 05:00:16
0,Junction box  6X10,24.0,37440.0,2025-09-16 05:00:16
0,Junksion BOX 10*10,6.0,10800.0,2025-09-16 05:00:16
0,Junktion Box 15x20 cm,8.0,7040.0,2025-09-16 05:00:16
0,Keyston Jack,40.0,208695.65217391198,2025-09-16 05:00:16
0,Kitchen Light,9.0,1587.87,2025-09-16 05:00:16
0,Korkoro,20.0,452174.0,2025-09-16 05:00:16
0,L -connector,40.0,104000.0,2025-09-16 05:00:16
0,L angle  for LED light modfication,35.0,490000.0,2025-09-16 05:00:16
0,L angle  for gypsum board,10.0,26087.0,2025-09-16 05:00:16
0,L angle Aluminum L angle for Gypsum board(1pc Leng,440.0,50504432.0,2025-09-16 05:00:16
0,L angle white Aluminum  L angle for LED light modf,7814.0,274548800.0,2025-09-16 05:00:16
0,L&Z Angle connector,144.0,154189.43999999997,2025-09-16 05:00:16
0,L-Connector,30.0,58500.0,2025-09-16 05:00:16
0,L-profile,28.0,2305665.6,2025-09-16 05:00:16
0,LE Solutions,2.0,1600.0,2025-09-16 05:00:16
0,LED Ballast(driver),7569.0,0.0,2025-09-16 05:00:16
0,"LED Dimmable Spot
Light",48.0,59581.44,2025-09-16 05:00:16
0,LED Lamp Beads,7779.0,695819.5200000003,2025-09-16 05:00:16
0,LED Lamp Beads( CONNECTOR ),10740.0,0.0,2025-09-16 05:00:16
0,LED bulb,25.0,59782.6086956525,2025-09-16 05:00:16
0,LED electrical  light with 60*60mm,10.0,200000.0,2025-09-16 05:00:16
0,LED hanging Light,8.0,667269.76,2025-09-16 05:00:16
0,LED lights,1025.0,283120.0,2025-09-16 05:00:16
0,LED phase indicator,3.0,1173.91304347827,2025-09-16 05:00:16
0,LIC-C9300-24E-3Y,1.0,295.76,2025-09-16 05:00:16
0,LIC-ENT-3YR,169.0,207616.5,2025-09-16 05:00:16
0,LIC-MS130-24-3Y,1.0,81.27,2025-09-16 05:00:16
0,LIC-MV-3YR,625.0,2457656.25,2025-09-16 05:00:16
0,Labeller casette,2.0,6782.6086956522,2025-09-16 05:00:16
0,Labelling Tape Cassette (12MM) purchase,9.0,44608.69565217361,2025-09-16 05:00:16
0,Labelling tape cassette,16.0,205913.043478256,2025-09-16 05:00:16
0,Labler caset,1.0,1695.652173913,2025-09-16 05:00:16
0,Lama,2.0,234.78260869566,2025-09-16 05:00:16
0,Lamera plate,2.0,7130.4347826086,2025-09-16 05:00:16
0,Lamp,9.0,17608.6956521736,2025-09-16 05:00:16
0,Largo 5L,25.0,70652.5,2025-09-16 05:00:16
0,LaserJet Toner Cartridge 151A W1510A,3.0,46956.521739129,2025-09-16 05:00:16
0,Lastro,1.0,695.65217391304,2025-09-16 05:00:16
0,Latch,20.0,27826.086956522,2025-09-16 05:00:16
0,Length M10 anchor bolt,70.0,144869.565217391,2025-09-16 05:00:16
0,Light  switch,10.0,30434.782608696,2025-09-16 05:00:16
0,Light  switch single gang  white colour with dimen,6.0,13460.8695652176,2025-09-16 05:00:16
0,Light Haging chain,30.0,513000.0,2025-09-16 05:00:16
0,Light Motion Sensor,100.0,12250.0,2025-09-16 05:00:16
0,Light Switch,4.0,2295.65217391304,2025-09-16 05:00:16
0,Light Switch duable gang white colour  with dimens,6.0,10956.5217391302,2025-09-16 05:00:16
0,Lights Pool Office and Traing Staffs Rooms,5184.0,6401203.199999999,2025-09-16 05:00:16
0,Little mafase,1.0,173.91304347826,2025-09-16 05:00:16
0,Locker Key Cylinder,35.0,367500.0,2025-09-16 05:00:16
0,"Logitech HD Pro Webcam C920, Widescreen Video Call",4.0,100869.565217392,2025-09-16 05:00:16
0,Logo Mica and foam 50cm*86cm for Plan minister,1.0,9700.0,2025-09-16 05:00:16
0,Lower Arm bushing Big,2.0,8000.0,2025-09-16 05:00:16
0,MA-PWR-CORD-EU,9.0,127.17,2025-09-16 05:00:16
0,MEM-4460-8G,1.0,0.0,2025-09-16 05:00:16
0,MEM-4460-DP-4G,1.0,0.0,2025-09-16 05:00:16
0,MR36-HW,169.0,366899.0,2025-09-16 05:00:16
0,MS130-24P-HW,1.0,630.46,2025-09-16 05:00:16
0,MV13-HW,625.0,4272656.25,2025-09-16 05:00:16
0,Magnetic rails Pool Office and Traing Staffs Rooms,36.0,8469.359999999999,2025-09-16 05:00:16
0,Main breaker,10.0,123000.0,2025-09-16 05:00:16
0,Main breaker for  light,12.0,22356.0,2025-09-16 05:00:16
0,Main gate  light,1.0,1470.26,2025-09-16 05:00:16
0,Managerial Room Light,16.0,4704.64,2025-09-16 05:00:16
0,Managers Chair,34.0,8450.0,2025-09-16 05:00:16
0,Managers Table,34.0,26000.0,2025-09-16 05:00:16
0,Manifold Gauge,1.0,12608.695652174,2025-09-16 05:00:16
0,Meeting Room 1  window curtain,4.0,1200.0,2025-09-16 05:00:16
0,Meeting Room 1  window curtain 1,4.0,1008.0,2025-09-16 05:00:16
0,Meeting Room Light,4.0,5292.96,2025-09-16 05:00:16
0,Meeting Room2  window curtain,1.0,181.0,2025-09-16 05:00:16
0,Meeting Room2  window curtain 1,1.0,52.0,2025-09-16 05:00:16
0,Meeting Table,8.0,12000.0,2025-09-16 05:00:16
0,Meeting chair,288.0,414720.0,2025-09-16 05:00:16
0,Mequannent worku 3-cell or 6-cell Lithium-ion batt,1.0,5652.1739130435,2025-09-16 05:00:16
0,Metal Fisher,250.0,1195625.0,2025-09-16 05:00:16
0,Metal Fisher 8mm,50.0,43478.260869565005,2025-09-16 05:00:16
0,Metal Fisher No 10,50.0,39130.4347826085,2025-09-16 05:00:16
0,Metal Junction Box 27*27 CM,4.0,124869.52,2025-09-16 05:00:16
0,Metal Punta,4.0,5565.2173913044,2025-09-16 05:00:16
0,Metal Punta 8',4.0,3478.2608695652,2025-09-16 05:00:16
0,Metal cutter disc,9.0,1878.2608695651898,2025-09-16 05:00:16
0,Metal fisher,40000.0,240000000.0,2025-09-16 05:00:16
0,Metal fisher 6mm 1 packet 100 pcs,24.0,751304.347826088,2025-09-16 05:00:16
0,Metal punta,2.0,417.39130434782,2025-09-16 05:00:16
0,Meto alka brush,4.0,3043.47826086957,2025-09-16 05:00:16
0,Mewelwaya,2.0,869.5652173913,2025-09-16 05:00:16
0,Michael Kassahun and Misiker Eyilachew - 45W AC Ch,2.0,9739.1304347826,2025-09-16 05:00:16
0,Microwave,1.0,12500.0,2025-09-16 05:00:16
0,Mikiyas Girma Laptop Battery for Lenovo IdeaPad E5,1.0,6500.0,2025-09-16 05:00:16
0,Misganaw Kebed C10:C15e 45W AC Charger for HP 250 ,1.0,2800.0,2025-09-16 05:00:16
0,Mission Measuring A1 paper 841 x 594 mm (33.1 x 23,2.0,1600.0,2025-09-16 05:00:16
0,Morale Australia 4*5 cm morale,25.0,407608.695652175,2025-09-16 05:00:16
0,Morale australia 4x5 1pcs=4m,24.0,375652.173913032,2025-09-16 05:00:16
0,Moralle,4.0,10434.7826086956,2025-09-16 05:00:16
0,Motor Wear for Bus,1.0,5500.0,2025-09-16 05:00:16
0,Movable Partitions Wall 12.5m,162.5,771875.0,2025-09-16 05:00:16
0,Movable Partitions Wall 12.98m,168.67499999999998,831652.0875000001,2025-09-16 05:00:16
0,Mudjulator for Bus,1.0,1500.0,2025-09-16 05:00:16
0,Multi meter,4.0,184000.0,2025-09-16 05:00:16
0,NIKAI 55 INCH,5.0,6450.0,2025-09-16 05:00:16
0,NIM-BLANK,9.0,0.0,2025-09-16 05:00:16
0,NOC room and Class room area light,49.0,65372.37000000001,2025-09-16 05:00:16
0,Nail,6.0,7200.0,2025-09-16 05:00:16
0,"Nail 8mm,10mm,12mm 1pcs=5KG",3.0,8608.698,2025-09-16 05:00:16
0,Nastro,113.0,459391.8630434782,2025-09-16 05:00:16
0,Nefasilk Syntetic Supper White Paint All of the HQ,44.0,1313113.04347828,2025-09-16 05:00:16
0,Nipple,2.0,104.347826086956,2025-09-16 05:00:16
0,Normal Titer Stamp,5.0,16250.0,2025-09-16 05:00:16
0,Normal white O neck T-Shirts with BTF print,10.0,47826.086956522005,2025-09-16 05:00:16
0,Nut 6mm,2400.0,30052173.913044002,2025-09-16 05:00:16
0,Nut No 10,50.0,8000.0,2025-09-16 05:00:16
0,Nut no10,250.0,216875.0,2025-09-16 05:00:16
0,OFFICE FILE,10100.0,52695652.17391279,2025-09-16 05:00:16
0,OMO 5kG,1.0,1000.0,2025-09-16 05:00:16
0,OMO 5kG purchase,2.0,4198.28,2025-09-16 05:00:16
0,OMO 5ltr,4.0,14553.12,2025-09-16 05:00:16
0,ORDERING-UC,1.0,0.0,2025-09-16 05:00:16
0,Office Chair,4050.0,12393000.0,2025-09-16 05:00:16
0,Office Table,4050.0,19865250.0,2025-09-16 05:00:16
0,Oil Filter,1.0,700.0,2025-09-16 05:00:16
0,Oil filter,1.0,1000.0,2025-09-16 05:00:16
0,Oil filter Fleet guard LF 3345,2.0,2000.0,2025-09-16 05:00:16
0,Omo 5 KG,25.0,107608.695652175,2025-09-16 05:00:16
0,Outdoor Wall Mounting Bracket WM2TR,50.0,3402.5,2025-09-16 05:00:16
0,Oven SGMM945,4.0,816.0,2025-09-16 05:00:16
0,PDU,1482.0,1258840.4399999992,2025-09-16 05:00:16
0,POE-COVER-4450,4.0,0.0,2025-09-16 05:00:16
0,PPC Cement,29.0,203000.000000005,2025-09-16 05:00:16
0,PPR C-clap,450.0,10125000.0,2025-09-16 05:00:16
0,PPR connector,60.0,180000.0,2025-09-16 05:00:16
0,PPR cross connector,20.0,158000.0,2025-09-16 05:00:16
0,PPR pipe,75.0,3632062.5,2025-09-16 05:00:16
0,PVC  50 mm,4.0,9440.0,2025-09-16 05:00:16
0,PVC 110,1.0,608.69565217391,2025-09-16 05:00:16
0,PVC Mastish,1.0,695.65217391304,2025-09-16 05:00:16
0,PVC Spocket,1.0,130.4347826087,2025-09-16 05:00:16
0,PVC T,10.0,8695.652173913,2025-09-16 05:00:16
0,PVC edge (Viner),1.0,2200.0,2025-09-16 05:00:16
0,PWR-4460-650-AC,1.0,0.0,2025-09-16 05:00:16
0,PWR-COVER-4450,1.0,0.0,2025-09-16 05:00:16
0,Paint,6.0,46956.5217391302,2025-09-16 05:00:16
0,Paint brush,4.0,1739.1304347826,2025-09-16 05:00:16
0,Paint car paint Jet White  in gallon,3.0,25826.0869565217,2025-09-16 05:00:16
0,Paint car paint Jet White  in kg,1.0,869.5652173913,2025-09-16 05:00:16
0,Pen,5.0,30434.7826086955,2025-09-16 05:00:16
0,Pencil 2B,24.0,25043.4782608704,2025-09-16 05:00:16
0,Perfueme,8.0,57600.0,2025-09-16 05:00:16
0,Perfume,3.0,10800.0,2025-09-16 05:00:16
0,Pick up truck,4.0,144000.0,2025-09-16 05:00:16
0,Picture frame foamboard with sticker print 80cm x ,1.0,5500.0,2025-09-16 05:00:16
0,Pillers,9.0,13500.0,2025-09-16 05:00:16
0,Pipe,2.0,834.78260869566,2025-09-16 05:00:16
0,Pipe 1mm,10.0,56521.739130435,2025-09-16 05:00:16
0,Pipe 50mm,1.0,608.69565217391,2025-09-16 05:00:16
0,Pit floor Spring,2.0,12558.36,2025-09-16 05:00:16
0,Plant or Flower Pot Stand,24.0,601043.47826088,2025-09-16 05:00:16
0,Plaster,405.0,2234347.8260869374,2025-09-16 05:00:16
0,Plaster  big,30.0,67826.086956522,2025-09-16 05:00:16
0,Plaster Abro,36.0,146504.3478260868,2025-09-16 05:00:16
0,Plastic paint for wall,160.0,17364480.0,2025-09-16 05:00:16
0,Pool Office  window curtainn 1,4.0,1584.0,2025-09-16 05:00:16
0,Pool Office  window curtainn 2,1.0,203.0,2025-09-16 05:00:16
0,Pool Office  window curtainn 3,1.0,134.0,2025-09-16 05:00:16
0,Pool Table,2.0,540.0,2025-09-16 05:00:16
0,Portable Fire extingusher,9.0,675.0,2025-09-16 05:00:16
0,Power Adapter  12V 3A,1.0,1565.2173913043,2025-09-16 05:00:16
0,Power cable,200.0,11130400.0,2025-09-16 05:00:16
0,Power cable  3x2.5mm,200.0,5565200.0,2025-09-16 05:00:16
0,Power cable 3x2.5mm,100.0,2782600.0,2025-09-16 05:00:16
0,Power socket from 3 to 2 port converter,25.0,19565.21739130425,2025-09-16 05:00:16
0,Powerbank,50.0,16250000.0,2025-09-16 05:00:16
0,Presure cooker,1.0,4565.2173913043,2025-09-16 05:00:16
0,Punta,12.0,19582.608695652,2025-09-16 05:00:16
0,Punta 12',1.0,434.78260869565,2025-09-16 05:00:16
0,Put no 6,2.0,591.30434782608,2025-09-16 05:00:16
0,RAM cot with hardener,13.0,499652.173913048,2025-09-16 05:00:16
0,RHS  40x40 x2mm,6.0,65739.13043478,2025-09-16 05:00:16
0,RHS 20x40x1.5mm,13.0,176347.826086952,2025-09-16 05:00:16
0,RHS 40*40*1.5mm,2.0,4869.5652173914,2025-09-16 05:00:16
0,RHS 40*40*3MM,1.0,1260.8695652174,2025-09-16 05:00:16
0,RHS 40x40x1.5mm,15.0,313043.47826086497,2025-09-16 05:00:16
0,RHS 60x60 x2mm,5.0,91304.347826085,2025-09-16 05:00:16
0,RHS With 0.4cm*0.4cm with size 2mm,13.0,264521.739130441,2025-09-16 05:00:16
0,RJ 45,240.0,500869.565217384,2025-09-16 05:00:16
0,RJ-45 8 pin,200.0,396000.0,2025-09-16 05:00:16
0,RJ45,170.0,147009.1739130434,2025-09-16 05:00:16
0,Ramsey shoes for melkamu 1,1.0,2608.6956521739,2025-09-16 05:00:16
0,Ramsey shoes for melkamu 2,1.0,2434.7826086957,2025-09-16 05:00:16
0,Reception curtain,4.0,1200.0,2025-09-16 05:00:16
0,Rechargeable Li-ion battery pack DC 14.4v --2200mA,1.0,3000.0,2025-09-16 05:00:16
0,Reciption light,1.0,151.93,2025-09-16 05:00:16
0,Reducer,3.0,391.3043478261,2025-09-16 05:00:16
0,Refregrator,1.0,20000.0,2025-09-16 05:00:16
0,Refrigerant R-410,1.0,20869.565217391,2025-09-16 05:00:16
0,Refrigerator GR-B479NUM,1.0,770.0,2025-09-16 05:00:16
0,Relse Bearing,1.0,10.0,2025-09-16 05:00:16
0,Rigid conduit 19mm,5.0,1087.0,2025-09-16 05:00:16
0,Rinal Bottel Trap,1.0,2654.8672566372,2025-09-16 05:00:16
0,Rj45,200.0,391200.0,2025-09-16 05:00:16
0,Roll up banner,2.0,20000.0,2025-09-16 05:00:16
0,Roll up banner 200*80CM,1.0,4800.0,2025-09-16 05:00:16
0,Roll-Up Banners (With Assembly),2.0,2400.0,2025-09-16 05:00:16
0,Roller,3.0,1956.52173913044,2025-09-16 05:00:16
0,Roller Burish,5.0,3530.43478260869,2025-09-16 05:00:16
0,Rondela  17,50.0,10869.565217391499,2025-09-16 05:00:16
0,Rubber Insulation RI38,4050.0,63787.5,2025-09-16 05:00:16
0,Rubber Insulation RI58,4050.0,89302.5,2025-09-16 05:00:16
0,SDB,3.0,71910.0,2025-09-16 05:00:16
0,"SDB  sub-distribution board with
	6 pcs of 16A 
	2",1.0,4330.4347826087,2025-09-16 05:00:16
0,SDB 30*25cm with neurtal and ground bus bar,1.0,6869.57,2025-09-16 05:00:16
0,SDB 30x40cm with neurtal and ground bus bar,1.0,6869.57,2025-09-16 05:00:16
0,SISR44V2UK9176,1.0,0.0,2025-09-16 05:00:16
0,SL-44-IPB-K9,1.0,0.0,2025-09-16 05:00:16
0,SL-44-UC-K9,1.0,519.12,2025-09-16 05:00:16
0,SM-F-BLANK,1.0,0.0,2025-09-16 05:00:16
0,SM-S-BLANK,9.0,0.0,2025-09-16 05:00:16
0,SPLIT AC 2.0TR ROTARY R410 MIDEA -MST1AG-24CRN1,18.0,36025.02,2025-09-16 05:00:16
0,SR-JUMP-2MC13,16.0,1920.0,2025-09-16 05:00:16
0,SVS-FLEX-SUPT-BAS,400.0,0.0,2025-09-16 05:00:16
0,Safarian,3.0,7826.0869565217,2025-09-16 05:00:16
0,Safty cloth,1.0,3934.0,2025-09-16 05:00:16
0,Safty shoes,34.0,3518261.146,2025-09-16 05:00:16
0,Samuel Atlaw,3.0,8869.5652173912,2025-09-16 05:00:16
0,Sand,11.0,93739.13043478271,2025-09-16 05:00:16
0,Sand  Paper P120,30.0,70434.78260869501,2025-09-16 05:00:16
0,Sand 16m3 with sino,16.0,779130.434782608,2025-09-16 05:00:16
0,Sand Paper P360,30.0,70434.78260869501,2025-09-16 05:00:16
0,Sand paper,1.0,156.52173913043,2025-09-16 05:00:16
0,Sand paper NO60,36.0,110160.0,2025-09-16 05:00:16
0,Sand pepar,10.0,17391.304347826,2025-09-16 05:00:16
0,Sanitizer  5 L purchase,3.0,4507.83,2025-09-16 05:00:16
0,Scotch,21.0,9313.04347826091,2025-09-16 05:00:16
0,Screw 2MM,1.0,521.73913043478,2025-09-16 05:00:16
0,Screw 6mm,5.0,4300.01304347826,2025-09-16 05:00:16
0,Self screw,2.0,956.52173913044,2025-09-16 05:00:16
0,Shataf,1.0,2654.8672566372,2025-09-16 05:00:16
0,Sheet metal 1mm,3.0,23478.2608695651,2025-09-16 05:00:16
0,"Shelf, Height - 75cm Width - 160cm Depth- 50 cm Ha",1.0,30000.0,2025-09-16 05:00:16
0,"Shelf, locker with a key and  have two internal ro",6.0,391304.52,2025-09-16 05:00:16
0,Shetaf,12.0,137739.13043478,2025-09-16 05:00:16
0,Shock Absorber Flange,1.0,4500.0,2025-09-16 05:00:16
0,Side Cutter,2.0,1565.21739130434,2025-09-16 05:00:16
0,Silcon,52.0,1222121.7391304348,2025-09-16 05:00:16
0,Silcon Black,5.0,13150.0,2025-09-16 05:00:16
0,Silcon Clear,19.0,219739.13043477602,2025-09-16 05:00:16
0,Silcon clear,48.0,1152000.0,2025-09-16 05:00:16
0,Silcone white abro brand,240.0,44294400.0,2025-09-16 05:00:16
0,Silicon White,4.0,10434.7826086956,2025-09-16 05:00:16
0,Silver 38mm*600mm,2.0,9499.76,2025-09-16 05:00:16
0,Single Ganag Switch,1680.0,1921348.8,2025-09-16 05:00:16
0,Sink for kitchen 90*45mm both cold and hot,1.0,10500.0,2025-09-16 05:00:16
0,"Sisay Shiferaw 4 Cell 41Wh Li-ion Battery, 2550mAh",1.0,4173.9130434783,2025-09-16 05:00:16
0,Skerting,7.0,9800.0,2025-09-16 05:00:16
0,Skirting,9.0,17608.6956521736,2025-09-16 05:00:16
0,Sleeve,65.0,110217.391304345,2025-09-16 05:00:16
0,Small grinder disc,2.0,580.0,2025-09-16 05:00:16
0,Small metal hinge,20.0,13913.043478260799,2025-09-16 05:00:16
0,Snack dishs,12.0,11019.13043478264,2025-09-16 05:00:16
0,Socket,30.0,163934.28173913044,2025-09-16 05:00:16
0,Socket 2PIN,961.0,2442862.0,2025-09-16 05:00:16
0,Sofa L shape,1.0,31862.75,2025-09-16 05:00:16
0,Solomon Teshome 40WH M5Y1K 14.8V Laptop Battery fo,1.0,5500.0,2025-09-16 05:00:16
0,Spary,3.0,1565.21739130434,2025-09-16 05:00:16
0,Spot light  LED 3W,36.0,270469.5652173924,2025-09-16 05:00:16
0,Spot light lamps,900.0,0.0,2025-09-16 05:00:16
0,Spray,9.0,5869.529999999999,2025-09-16 05:00:16
0,Staff  Table,98.0,74774.0,2025-09-16 05:00:16
0,Staff Chair,98.0,46648.0,2025-09-16 05:00:16
0,Steel Plate 10cm x10cm-,3.0,3130.4347826088,2025-09-16 05:00:16
0,Stone 16m3 with  Sino,16.0,393043.4782608676,2025-09-16 05:00:16
0,"Store,manager office and Data center light",49.0,25213.930000000004,2025-09-16 05:00:16
0,Stpler remover,1.0,104.34782608696,2025-09-16 05:00:16
0,Strip LED light,125.0,7031250.0,2025-09-16 05:00:16
0,Stuko with hardner kadisco,1.0,4173.9130434783,2025-09-16 05:00:16
0,Sub Distribution boared,1.0,1391.3,2025-09-16 05:00:16
0,Suger bowl,2.0,2000.0,2025-09-16 05:00:16
0,Sultan Mohammed ADLX65CCGK2A Model 65W Ac Charger ,1.0,3043.4782608696,2025-09-16 05:00:16
0,Supper water Paint,8.0,111304.347826088,2025-09-16 05:00:16
0,"Supply, Installation, and Commissioning of new Sto",121.0,4525400.0,2025-09-16 05:00:16
0,Surafel Kifle,3.0,19565.217391304403,2025-09-16 05:00:16
0,Surface cleaner 5L purchase,3.0,5175.0,2025-09-16 05:00:16
0,Surface socket surface  socket with three pin,3.0,2739.06,2025-09-16 05:00:16
0,T Frame as per the sample,144.0,9917217.391304305,2025-09-16 05:00:16
0,T-connector,70.0,1935500.0,2025-09-16 05:00:16
0,TE-R-SW,1.0,0.0,2025-09-16 05:00:16
0,TP Link 4G LTE Dongle Wifi router,2.0,30956.52173913,2025-09-16 05:00:16
0,TV   32 inch,1.0,13000.0,2025-09-16 05:00:16
0,TV Floor Stand,15.0,5250.0,2025-09-16 05:00:16
0,TV mounting kit FOR 80 INCH,2.0,36521.72,2025-09-16 05:00:16
0,Table,1.0,5000.0,2025-09-16 05:00:16
0,Tangle Valv dobe,12.0,37565.2173913044,2025-09-16 05:00:16
0,Tape for Bus Normal,1.0,5000.0,2025-09-16 05:00:16
0,Teflon,24.0,5008.695652173999,2025-09-16 05:00:16
0,Teklu Abebe,3.0,14608.695652173901,2025-09-16 05:00:16
0,Teklu Abebe 8 GB DDR3 RAM for HP ProBook 450 G1,1.0,4260.8695652174,2025-09-16 05:00:16
0,Thermos,50.0,3000000.0,2025-09-16 05:00:16
0,Thiner,6.0,7826.086956522,2025-09-16 05:00:16
0,Thinner,33.0,110321.739130434,2025-09-16 05:00:16
0,Tiner in gallon,3.0,13304.347826087102,2025-09-16 05:00:16
0,Tinner/dulenti,424.0,2162086.956521729,2025-09-16 05:00:16
0,Toilet acid purchase,2.0,6260.0,2025-09-16 05:00:16
0,Toilet light,36.0,15878.160000000002,2025-09-16 05:00:16
0,Toilet paper,700.0,13870700.0,2025-09-16 05:00:16
0,Toilet paper purchase,170.0,1382287.0,2025-09-16 05:00:16
0,Toner (125A),3.0,16434.782608695597,2025-09-16 05:00:16
0,Toner (55A),10.0,226086.95652174,2025-09-16 05:00:16
0,Toner (Lexmark MS810dn),16.0,289011.30434783,2025-09-16 05:00:16
0,Toner( 37 A ),6.0,156521.739130434,2025-09-16 05:00:16
0,Tonner 151 A purchas,10.0,504348.0,2025-09-16 05:00:16
0,Toply Super ALKALINE AA LR6 1.5V,5.0,2500.0,2025-09-16 05:00:16
0,Toply Super ALKALINE AAA LR03 1.5V,5.0,2500.0,2025-09-16 05:00:16
0,Towel 30*30mm,15.0,12325.5,2025-09-16 05:00:16
0,Toyota Corolla 2007 model automatic  Front Shock a,2.0,32000.0,2025-09-16 05:00:16
0,Traning Manager room window curtain,1.0,106.0,2025-09-16 05:00:16
0,Traning Room 1  window curtain,1.0,106.0,2025-09-16 05:00:16
0,Traning Room 2 window curtain,1.0,101.0,2025-09-16 05:00:16
0,Traning Room 2 window curtain 1,1.0,106.0,2025-09-16 05:00:16
0,Traning Room 3  window curtainn,1.0,101.0,2025-09-16 05:00:16
0,Traning Room 3  window curtainn 1,1.0,106.0,2025-09-16 05:00:16
0,Triangle  215/45 R17,2.0,25391.304347826,2025-09-16 05:00:16
0,Triangle Tyre 215/70 R16 Purchase,2.0,59200.0,2025-09-16 05:00:16
0,Trid rod no10,50.0,1043475.0,2025-09-16 05:00:16
0,Trtios plate no 70617  Triangle brand tyier  215/6,4.0,164173.91304348,2025-09-16 05:00:16
0,Trunk,10.0,139130.0,2025-09-16 05:00:16
0,Trunk 100x50,20.0,756521.7391304399,2025-09-16 05:00:16
0,Trunk 16*25mm,64.0,124660.869565216,2025-09-16 05:00:16
0,Trunk 16x25mm,6.0,4382.64,2025-09-16 05:00:16
0,Trunk 40x25,60.0,1282592.391304348,2025-09-16 05:00:16
0,Trunking,5.0,13478.25,2025-09-16 05:00:16
0,Tv stand,1.0,4500.0,2025-09-16 05:00:16
0,Two port face plate,43.0,233480.0,2025-09-16 05:00:16
0,"UARD ASSY-FRONT WHEEL,LH with car plate no (21141)",1.0,2521.74,2025-09-16 05:00:16
0,USB connector,2.0,5454.5454545454,2025-09-16 05:00:16
0,USB extension cable,1.0,1434.7826086957,2025-09-16 05:00:16
0,UV printing on acrylic and foam boards letter only,1.0,6956.5217391304,2025-09-16 05:00:16
0,Upper Patch  copper sleeve,2.0,3324.92,2025-09-16 05:00:16
0,Urinal angle valve,2.0,1130.4347826087,2025-09-16 05:00:16
0,V-Belt Tensioner,1.0,5000.0,2025-09-16 05:00:16
0,VIM,15.0,15651.000000000002,2025-09-16 05:00:16
0,Varnesh / Paint 1L,8.0,41739.1304347824,2025-09-16 05:00:16
0,Vision Measuring A1 paper 841 x 594 mm (33.1 x 23.,2.0,1600.0,2025-09-16 05:00:16
0,WC  cover,12.0,68869.5652173912,2025-09-16 05:00:16
0,WC Cifon,18.0,35217.391304347206,2025-09-16 05:00:16
0,WC P-Trap set,1.0,28695.652173913,2025-09-16 05:00:16
0,WC accessory(aqua),12.0,46956.521739130796,2025-09-16 05:00:16
0,Wall Frame Picture Insert purchase,1.0,4600.0,2025-09-16 05:00:16
0,Washer No 10,50.0,7500.0,2025-09-16 05:00:16
0,Washer no 10,250.0,135625.0,2025-09-16 05:00:16
0,Water Boiler,1.0,3900.0,2025-09-16 05:00:16
0,Water Pump ASS- Coolant  Hyundai i10s 68082,1.0,8817.39,2025-09-16 05:00:16
0,Water paint for slab,154.0,11750002.173913043,2025-09-16 05:00:16
0,Water proof Ciemetitious(royal) above screed MiX G,3.0,43200.0,2025-09-16 05:00:16
0,Water proof socket,1.0,290.0,2025-09-16 05:00:16
0,White Borad 200132,25.0,16250.0,2025-09-16 05:00:16
0,White board Marker,2.0,2688.0,2025-09-16 05:00:16
0,White cement,12.0,56347.826086956,2025-09-16 05:00:16
0,White sparay,2.0,765.21739130434,2025-09-16 05:00:16
0,White spray,2.0,765.21739130434,2025-09-16 05:00:16
0,Window cleaner,20.0,20413.25,2025-09-16 05:00:16
0,Window cleaner purchase,5.0,1826.0,2025-09-16 05:00:16
0,Window sticker 114x105,7.0,34300.0,2025-09-16 05:00:16
0,Window sticker 114x107,7.0,33810.0,2025-09-16 05:00:16
0,Window sticker 114x95,7.0,33320.0,2025-09-16 05:00:16
0,Window sticker 61x105,1.0,650.0,2025-09-16 05:00:16
0,Window sticker 61x95,1.0,660.0,2025-09-16 05:00:16
0,Window sticker 65x105,1.0,650.0,2025-09-16 05:00:16
0,Window sticker 65x107,1.0,660.0,2025-09-16 05:00:16
0,Wood,49.0,365364.21217391355,2025-09-16 05:00:16
0,Wood screw,9.0,14580.0,2025-09-16 05:00:16
0,Wooden Screw,6.0,15026.04,2025-09-16 05:00:16
0,Wooden screew,2.0,913.04347826087,2025-09-16 05:00:16
0,Wooden screw,4.0,6956.5217391304,2025-09-16 05:00:16
0,"Wulian gateway
adapter",576.0,0.0,2025-09-16 05:00:16
0,X-Pro 45AH car battry left side,1.0,7391.3043478261,2025-09-16 05:00:16
0,X-Pro sealed battry 90AH,1.0,13739.130434783,2025-09-16 05:00:16
0,X-pro Battry with 45AH,1.0,7391.3043478261,2025-09-16 05:00:16
0,XSR-JUMP-2MC13-N,4.0,240.0,2025-09-16 05:00:16
0,Y N10,2.0,626.08695652174,2025-09-16 05:00:16
0,Yayehyrad Ayalew - 512GB M.2 SSD / SATA 6.0Gb/s st,2.0,10434.7826086956,2025-09-16 05:00:16
0,Yibeltal Atalay PA-1450-55LU AC Charger for Lenovo,1.0,3043.4782608696,2025-09-16 05:00:16
0,ZKTeco No Touch Stainless Steel Door Exit Switch/T,1.0,9.53,2025-09-16 05:00:16
0,Zemi Smart Hub,1.0,47.6,2025-09-16 05:00:16
0,"abeselom gebrekidan 3-cell, 41 Wh Li-ion battery f",1.0,5913.0434782609,2025-09-16 05:00:16
0,anchor bolt,12.0,6624.0,2025-09-16 05:00:16
0,arteficial hareg,5.0,30000.0,2025-09-16 05:00:16
0,attakini,12.0,11269.56521739132,2025-09-16 05:00:16
0,aynalem fentay 8GB DDR4 RAM for Lenovo 81VS,1.0,3043.4782608696,2025-09-16 05:00:16
0,black paint,4.0,19478.2608695652,2025-09-16 05:00:16
0,breaker  32Amp,3.0,2504.34,2025-09-16 05:00:16
0,breaker 32Amp Single phase,5.0,6956.5,2025-09-16 05:00:16
0,car Spray,1.0,739.13043478261,2025-09-16 05:00:16
0,chergeable drill punta/Screw head,1.0,869.5652173913,2025-09-16 05:00:16
0,"circular planter with
 cactus",4.0,19478.24,2025-09-16 05:00:16
0,cleaning  uniform,1.0,434.78260869565,2025-09-16 05:00:16
0,clip nail,1.0,217.39130434783,2025-09-16 05:00:16
0,coffee cup,6.0,11713.02,2025-09-16 05:00:16
0,coffee grinder,1.0,1034.7826086957,2025-09-16 05:00:16
0,coffee service,3.0,4593.87,2025-09-16 05:00:16
0,color changer solvent,12.0,18782.6086956516,2025-09-16 05:00:16
0,concret Drill bit orginal with no 6mm,10.0,17391.304347826,2025-09-16 05:00:16
0,concrete nail,1.0,391.30434782609,2025-09-16 05:00:16
0,conduite 19,22500.0,165375000.0,2025-09-16 05:00:16
0,construction Spoon,1.0,130.4347826087,2025-09-16 05:00:16
0,distribution box,1.0,2260.8695652174,2025-09-16 05:00:16
0,doctore shose,4.0,6956.5217391304,2025-09-16 05:00:16
0,door hinges,2.0,521.73913043478,2025-09-16 05:00:16
0,dril bit Punta pack,1.0,130.4347826087,2025-09-16 05:00:16
0,electric Lastro,20.0,17391.304347826,2025-09-16 05:00:16
0,electrod 2.5,1.0,1043.4782608696,2025-09-16 05:00:16
0,fasha,2.0,1600.0,2025-09-16 05:00:16
0,fisher,131.0,65112.3913043478,2025-09-16 05:00:16
0,fisher 6mm plastic fisher,2.0,313.04347826086,2025-09-16 05:00:16
0,fisher 8mm plastic fisher,3.0,900.0,2025-09-16 05:00:16
0,flud,3.0,469.56521739129005,2025-09-16 05:00:16
0,front door speaker with 260w),1.0,5750.0,2025-09-16 05:00:16
0,gipsum blook,12.0,72624.95999999999,2025-09-16 05:00:16
0,glove,1.0,300.0,2025-09-16 05:00:16
0,golden screw num 8 golden screw,4.0,8347.8260869564,2025-09-16 05:00:16
0,guroro conduit,6400.0,28938240.0,2025-09-16 05:00:16
0,guroro conduit 50mm,1.0,130.4347826087,2025-09-16 05:00:16
0,gypsum screw,1.0,391.3,2025-09-16 05:00:16
0,hand brush/meto aleka,1.0,217.39130434783,2025-09-16 05:00:16
0,high presure water spray Gun,2.0,11478.24,2025-09-16 05:00:16
0,jantor uniform purchase,3.0,3913.043478261,2025-09-16 05:00:16
0,kacha,245.0,1616956.5217391367,2025-09-16 05:00:16
0,keystone For UTP,20.0,104347.82608695599,2025-09-16 05:00:16
0,keystone jack,200.0,10740000.0,2025-09-16 05:00:16
0,knife,13.0,19721.36347826087,2025-09-16 05:00:16
0,knife Blade,1.0,200.0,2025-09-16 05:00:16
0,knife cutter blade,3.0,782.60869565217,2025-09-16 05:00:16
0,kumtel room heater,3.0,41478.260869566,2025-09-16 05:00:16
0,labeller casette,5.0,40217.391304348,2025-09-16 05:00:16
0,large dish,2.0,2400.0,2025-09-16 05:00:16
0,large hand paint brush,2.0,1200.0,2025-09-16 05:00:16
0,largo 5 L,5.0,12282.608695652,2025-09-16 05:00:16
0,lastro,20.0,24347.826086956004,2025-09-16 05:00:16
0,load channal /primer C channal,25.0,271737.5,2025-09-16 05:00:16
0,load channal /primer C channal  Iron sheet metal t,195.0,16532509.500000002,2025-09-16 05:00:16
0,manual key,1.0,478.26086956522,2025-09-16 05:00:16
0,"medium textured 
circular  planter",3.0,15652.170000000002,2025-09-16 05:00:16
0,"medium textured 
circular  planter
 with zamioculc",1.0,3043.47,2025-09-16 05:00:16
0,memory or SD card with 256 GB,4.0,59826.08695652,2025-09-16 05:00:16
0,metal Punta 6',2.0,695.65217391304,2025-09-16 05:00:16
0,midium dust,1.0,1121.7391304348,2025-09-16 05:00:16
0,morale,7.0,21000.0,2025-09-16 05:00:16
0,network outlate white Scatola 8*8 mm,25.0,249375.0,2025-09-16 05:00:16
0,oil pressure sensor,1.0,3000.0,2025-09-16 05:00:16
0,out door sinage,1.0,16500.0,2025-09-16 05:00:16
0,paint Brush roller type paint brush,2.0,869.5652173913,2025-09-16 05:00:16
0,plant and soil replacement and treatment genet kel,1.0,5000.0,2025-09-16 05:00:16
0,power cable  3x2.5 mm2 High quality   shielded  po,1100.0,335641900.0,2025-09-16 05:00:16
0,power cable  3×2.5mm²,200.0,11061200.0,2025-09-16 05:00:16
0,punta Total brand no 6,15.0,48912.75,2025-09-16 05:00:16
0,punta Total brand no10,5.0,6086.75,2025-09-16 05:00:16
0,reflector,98.0,3257009.3219999997,2025-09-16 05:00:16
0,regular wall mount socket,5.0,2173.91304347825,2025-09-16 05:00:16
0,samuel belayneh 8 GB DDR4-2666 MHz RAM (1 x 8 GB) ,1.0,2434.7826086957,2025-09-16 05:00:16
0,sand paper,3.0,1173.91304347827,2025-09-16 05:00:16
0,sandels shose,1.0,260.86956521739,2025-09-16 05:00:16
0,scotch,1.0,130.4347826087,2025-09-16 05:00:16
0,screw-size 4,4.0,6678.2608695652,2025-09-16 05:00:16
0,serface Cleaner 5L,4.0,8000.0,2025-09-16 05:00:16
0,sheet metal1x2x 1mm,5.0,65217.39130435001,2025-09-16 05:00:16
0,silicon  clear,4.0,10434.7826086956,2025-09-16 05:00:16
0,silicone white and clear colour,6.0,23478.260869565398,2025-09-16 05:00:16
0,single gang switch,1.0,156.52173913043,2025-09-16 05:00:16
0,small brush for metal paint,2.0,260.0,2025-09-16 05:00:16
0,small mefas,1.0,217.39130434783,2025-09-16 05:00:16
0,smart bleech purchase,2.0,1165.2,2025-09-16 05:00:16
0,socket,6.0,3130.43478260868,2025-09-16 05:00:16
0,soldering lead 0.8,3.0,10173.9130434783,2025-09-16 05:00:16
0,spray,3.0,1565.21739130434,2025-09-16 05:00:16
0,stamp request Fikirte Kibru,1.0,650.0,2025-09-16 05:00:16
0,stamp request Michael Kassahun,1.0,650.0,2025-09-16 05:00:16
0,stamp request Naod Mekonnen,1.0,650.0,2025-09-16 05:00:16
0,stamp request Yohannes Gebremedhin,1.0,650.0,2025-09-16 05:00:16
0,sticker  for culture site,10.0,48600.0,2025-09-16 05:00:16
0,sticker  for south site,2304.0,38361047.04,2025-09-16 05:00:16
0,sticker (Super stare frame ),4.0,3478.2608695652,2025-09-16 05:00:16
0,stove,1.0,2243.4782608696,2025-09-16 05:00:16
0,surfacemount  socket with three pin,5.0,7608.695652174,2025-09-16 05:00:16
0,tea cup,6.0,14973.900000000001,2025-09-16 05:00:16
0,thinner,2.0,869.5652173913,2025-09-16 05:00:16
0,toilet pump purchase,2.0,1363.48,2025-09-16 05:00:16
0,tp link 4 port ethernet hub,4.0,17391.304347826,2025-09-16 05:00:16
0,"tsion asmamaw,abdulaziz mohammed and tagicho shita",3.0,25043.478260869502,2025-09-16 05:00:16
0,varnish varnish for stone(1pcs=1L),5.0,15000.0,2025-09-16 05:00:16
0,wall mount socket,2.0,360.0,2025-09-16 05:00:16
0,washing branded standard hose,8.0,21150.08,2025-09-16 05:00:16
0,water Despencer SGL11719,1.0,90.0,2025-09-16 05:00:16
0,water Pump 1.5HP Total brand,1.0,18752.17,2025-09-16 05:00:16
0,web camera C920 Logitech,2.0,65391.304347826,2025-09-16 05:00:16
0,welding wire,2.0,869.5652173913,2025-09-16 05:00:16
0,white  wire 2.5 mm,100.0,2347826.0869565,2025-09-16 05:00:16
0,white Plaster /paper,8.0,7234.78260869568,2025-09-16 05:00:16
0,wood cutter,2.0,550.0,2025-09-16 05:00:16
0,wooden Screw 6mm wooden screw,3.0,4147.8260869566,2025-09-16 05:00:16
0,−Window sticker 65x95,1.0,650.0,2025-09-16 05:00:16
